-- phpMyAdmin SQL Dump
-- version 4.9.1
-- https://www.phpmyadmin.net/
--
-- 主機： localhost
-- 產生時間： 
-- 伺服器版本： 8.0.17
-- PHP 版本： 7.3.10

SET SQL_MODE = "NO_AUTO_VALUE_ON_ZERO";
SET AUTOCOMMIT = 0;
START TRANSACTION;
SET time_zone = "+00:00";


/*!40101 SET @OLD_CHARACTER_SET_CLIENT=@@CHARACTER_SET_CLIENT */;
/*!40101 SET @OLD_CHARACTER_SET_RESULTS=@@CHARACTER_SET_RESULTS */;
/*!40101 SET @OLD_COLLATION_CONNECTION=@@COLLATION_CONNECTION */;
/*!40101 SET NAMES utf8mb4 */;

--
-- 資料庫： `nonweb`
--

-- --------------------------------------------------------

--
-- 資料表結構 `auth_group`
--

CREATE TABLE `auth_group` (
  `id` int(11) NOT NULL,
  `name` varchar(150) NOT NULL
) ENGINE=InnoDB DEFAULT CHARSET=utf8;

-- --------------------------------------------------------

--
-- 資料表結構 `auth_group_permissions`
--

CREATE TABLE `auth_group_permissions` (
  `id` bigint(20) NOT NULL,
  `group_id` int(11) NOT NULL,
  `permission_id` int(11) NOT NULL
) ENGINE=InnoDB DEFAULT CHARSET=utf8;

-- --------------------------------------------------------

--
-- 資料表結構 `auth_permission`
--

CREATE TABLE `auth_permission` (
  `id` int(11) NOT NULL,
  `name` varchar(255) NOT NULL,
  `content_type_id` int(11) NOT NULL,
  `codename` varchar(100) NOT NULL
) ENGINE=InnoDB DEFAULT CHARSET=utf8;

--
-- 傾印資料表的資料 `auth_permission`
--

INSERT INTO `auth_permission` (`id`, `name`, `content_type_id`, `codename`) VALUES
(1, 'Can add log entry', 1, 'add_logentry'),
(2, 'Can change log entry', 1, 'change_logentry'),
(3, 'Can delete log entry', 1, 'delete_logentry'),
(4, 'Can view log entry', 1, 'view_logentry'),
(5, 'Can add permission', 2, 'add_permission'),
(6, 'Can change permission', 2, 'change_permission'),
(7, 'Can delete permission', 2, 'delete_permission'),
(8, 'Can view permission', 2, 'view_permission'),
(9, 'Can add group', 3, 'add_group'),
(10, 'Can change group', 3, 'change_group'),
(11, 'Can delete group', 3, 'delete_group'),
(12, 'Can view group', 3, 'view_group'),
(13, 'Can add user', 4, 'add_user'),
(14, 'Can change user', 4, 'change_user'),
(15, 'Can delete user', 4, 'delete_user'),
(16, 'Can view user', 4, 'view_user'),
(17, 'Can add content type', 5, 'add_contenttype'),
(18, 'Can change content type', 5, 'change_contenttype'),
(19, 'Can delete content type', 5, 'delete_contenttype'),
(20, 'Can view content type', 5, 'view_contenttype'),
(21, 'Can add session', 6, 'add_session'),
(22, 'Can change session', 6, 'change_session'),
(23, 'Can delete session', 6, 'delete_session'),
(24, 'Can view session', 6, 'view_session'),
(25, 'Can add news', 7, 'add_news'),
(26, 'Can change news', 7, 'change_news'),
(27, 'Can delete news', 7, 'delete_news'),
(28, 'Can view news', 7, 'view_news'),
(29, 'Can add reviews', 8, 'add_reviews'),
(30, 'Can change reviews', 8, 'change_reviews'),
(31, 'Can delete reviews', 8, 'delete_reviews'),
(32, 'Can view reviews', 8, 'view_reviews'),
(33, 'Can add team_photo', 9, 'add_team_photo'),
(34, 'Can change team_photo', 9, 'change_team_photo'),
(35, 'Can delete team_photo', 9, 'delete_team_photo'),
(36, 'Can view team_photo', 9, 'view_team_photo'),
(37, 'Can add products', 10, 'add_products'),
(38, 'Can change products', 10, 'change_products'),
(39, 'Can delete products', 10, 'delete_products'),
(40, 'Can view products', 10, 'view_products'),
(41, 'Can add detail model', 11, 'add_detailmodel'),
(42, 'Can change detail model', 11, 'change_detailmodel'),
(43, 'Can delete detail model', 11, 'delete_detailmodel'),
(44, 'Can view detail model', 11, 'view_detailmodel'),
(45, 'Can add orders model', 12, 'add_ordersmodel'),
(46, 'Can change orders model', 12, 'change_ordersmodel'),
(47, 'Can delete orders model', 12, 'delete_ordersmodel'),
(48, 'Can view orders model', 12, 'view_ordersmodel'),
(49, 'Can add customer', 13, 'add_customer'),
(50, 'Can change customer', 13, 'change_customer'),
(51, 'Can delete customer', 13, 'delete_customer'),
(52, 'Can view customer', 13, 'view_customer'),
(53, 'Can add contact', 14, 'add_contact'),
(54, 'Can change contact', 14, 'change_contact'),
(55, 'Can delete contact', 14, 'delete_contact'),
(56, 'Can view contact', 14, 'view_contact');

-- --------------------------------------------------------

--
-- 資料表結構 `auth_user`
--

CREATE TABLE `auth_user` (
  `id` int(11) NOT NULL,
  `password` varchar(128) NOT NULL,
  `last_login` datetime(6) DEFAULT NULL,
  `is_superuser` tinyint(1) NOT NULL,
  `username` varchar(150) NOT NULL,
  `first_name` varchar(150) NOT NULL,
  `last_name` varchar(150) NOT NULL,
  `email` varchar(254) NOT NULL,
  `is_staff` tinyint(1) NOT NULL,
  `is_active` tinyint(1) NOT NULL,
  `date_joined` datetime(6) NOT NULL
) ENGINE=InnoDB DEFAULT CHARSET=utf8;

--
-- 傾印資料表的資料 `auth_user`
--

INSERT INTO `auth_user` (`id`, `password`, `last_login`, `is_superuser`, `username`, `first_name`, `last_name`, `email`, `is_staff`, `is_active`, `date_joined`) VALUES
(1, 'pbkdf2_sha256$320000$IstcMUz0xA6Od3QXh8wzvh$tEodbolCz9SV9eEtSSLKCDvd5P5990mHIevfx0i3USY=', '2022-03-03 08:37:44.824145', 1, 'admin', '', '', 'fysh9810403@gmail.com', 1, 1, '2022-03-03 08:36:42.401683');

-- --------------------------------------------------------

--
-- 資料表結構 `auth_user_groups`
--

CREATE TABLE `auth_user_groups` (
  `id` bigint(20) NOT NULL,
  `user_id` int(11) NOT NULL,
  `group_id` int(11) NOT NULL
) ENGINE=InnoDB DEFAULT CHARSET=utf8;

-- --------------------------------------------------------

--
-- 資料表結構 `auth_user_user_permissions`
--

CREATE TABLE `auth_user_user_permissions` (
  `id` bigint(20) NOT NULL,
  `user_id` int(11) NOT NULL,
  `permission_id` int(11) NOT NULL
) ENGINE=InnoDB DEFAULT CHARSET=utf8;

-- --------------------------------------------------------

--
-- 資料表結構 `cart_detailmodel`
--

CREATE TABLE `cart_detailmodel` (
  `id` bigint(20) NOT NULL,
  `pname` varchar(100) NOT NULL,
  `unitprice` int(11) NOT NULL,
  `quantity` int(11) NOT NULL,
  `dtotal` int(11) NOT NULL,
  `dorder_id` bigint(20) NOT NULL
) ENGINE=InnoDB DEFAULT CHARSET=utf8;

--
-- 傾印資料表的資料 `cart_detailmodel`
--

INSERT INTO `cart_detailmodel` (`id`, `pname`, `unitprice`, `quantity`, `dtotal`, `dorder_id`) VALUES
(1, '【巧食家】特A等級毛豆仁 1KG量販包 X5包(1000g±10%/包)', 801, 1, 801, 1),
(2, '【SALUK】冷凍酪梨塊3包組(500g/包 塊狀/片狀)', 849, 2, 1698, 2);

-- --------------------------------------------------------

--
-- 資料表結構 `cart_ordersmodel`
--

CREATE TABLE `cart_ordersmodel` (
  `id` bigint(20) NOT NULL,
  `subtotal` int(11) NOT NULL,
  `shipping` int(11) NOT NULL,
  `grandtotal` int(11) NOT NULL,
  `customname` varchar(100) NOT NULL,
  `customemail` varchar(100) NOT NULL,
  `customphone` varchar(20) NOT NULL,
  `customaddress` varchar(200) NOT NULL,
  `paytype` varchar(30) NOT NULL,
  `create_date` datetime(6) NOT NULL
) ENGINE=InnoDB DEFAULT CHARSET=utf8;

--
-- 傾印資料表的資料 `cart_ordersmodel`
--

INSERT INTO `cart_ordersmodel` (`id`, `subtotal`, `shipping`, `grandtotal`, `customname`, `customemail`, `customphone`, `customaddress`, `paytype`, `create_date`) VALUES
(1, 801, 60, 861, '王呆呆', 'small@gmil.com', '0911111111', '台中市火車路10號', '貨到付款', '2022-03-14 09:08:08.831387'),
(2, 1698, 60, 1758, '王懶懶', 'small@gmil.com', '0911111111', '台中市火車路10號', 'ATM轉帳', '2022-03-14 09:15:10.555677');

-- --------------------------------------------------------

--
-- 資料表結構 `contact`
--

CREATE TABLE `contact` (
  `id` bigint(20) NOT NULL,
  `name` varchar(50) NOT NULL,
  `email` varchar(100) NOT NULL,
  `subject` varchar(100) NOT NULL,
  `content` longtext NOT NULL,
  `create_date` datetime(6) NOT NULL
) ENGINE=InnoDB DEFAULT CHARSET=utf8;

--
-- 傾印資料表的資料 `contact`
--

INSERT INTO `contact` (`id`, `name`, `email`, `subject`, `content`, `create_date`) VALUES
(1, '王小呆', 'abc@gmail.com', '怎麼找廁所', 'fffff', '2022-03-14 09:41:18.806774'),
(2, '王小呆', 'abc@gmail.com', '怎麼找廁所', 'fffff', '2022-03-14 09:43:48.514967'),
(3, '王小呆', 'abc@gmail.com', '怎麼找廁所', 'fffff', '2022-03-14 09:44:17.484366');

-- --------------------------------------------------------

--
-- 資料表結構 `django_admin_log`
--

CREATE TABLE `django_admin_log` (
  `id` int(11) NOT NULL,
  `action_time` datetime(6) NOT NULL,
  `object_id` longtext,
  `object_repr` varchar(200) NOT NULL,
  `action_flag` smallint(5) UNSIGNED NOT NULL,
  `change_message` longtext NOT NULL,
  `content_type_id` int(11) DEFAULT NULL,
  `user_id` int(11) NOT NULL
) ;

--
-- 傾印資料表的資料 `django_admin_log`
--

INSERT INTO `django_admin_log` (`id`, `action_time`, `object_id`, `object_repr`, `action_flag`, `change_message`, `content_type_id`, `user_id`) VALUES
(1, '2022-03-03 09:05:25.390194', '1', 'News object (1)', 1, '[{\"added\": {}}]', 7, 1),
(2, '2022-03-03 09:05:50.302317', '1', 'News object (1)', 2, '[{\"changed\": {\"fields\": [\"Title\"]}}]', 7, 1),
(3, '2022-03-03 09:06:07.584853', '1', 'News object (1)', 2, '[{\"changed\": {\"fields\": [\"Title\"]}}]', 7, 1),
(4, '2022-03-03 09:07:18.719369', '1', 'News object (1)', 2, '[{\"changed\": {\"fields\": [\"Title\"]}}]', 7, 1),
(5, '2022-03-03 09:07:48.540301', '1', 'News object (1)', 2, '[{\"changed\": {\"fields\": [\"Title\"]}}]', 7, 1),
(6, '2022-03-03 10:24:47.848744', '2', 'News object (2)', 1, '[{\"added\": {}}]', 7, 1),
(7, '2022-03-03 10:28:36.529668', '2', 'News object (2)', 2, '[{\"changed\": {\"fields\": [\"Content\"]}}]', 7, 1),
(8, '2022-03-03 10:31:05.091869', '2', 'News object (2)', 2, '[{\"changed\": {\"fields\": [\"Content\"]}}]', 7, 1),
(9, '2022-03-03 10:31:25.664579', '2', 'News object (2)', 2, '[{\"changed\": {\"fields\": [\"Content\"]}}]', 7, 1),
(10, '2022-03-03 10:31:41.039717', '2', 'News object (2)', 2, '[{\"changed\": {\"fields\": [\"Content\"]}}]', 7, 1),
(11, '2022-03-07 04:35:45.953477', '2', 'News object (2)', 2, '[{\"changed\": {\"fields\": [\"Photo file\"]}}]', 7, 1),
(12, '2022-03-07 04:37:22.606581', '2', 'News object (2)', 2, '[{\"changed\": {\"fields\": [\"Photo file\"]}}]', 7, 1),
(13, '2022-03-07 04:40:20.834983', '2', 'News object (2)', 2, '[{\"changed\": {\"fields\": [\"Photo file\"]}}]', 7, 1),
(14, '2022-03-07 04:41:01.024154', '1', 'News object (1)', 2, '[{\"changed\": {\"fields\": [\"Photo file\"]}}]', 7, 1),
(15, '2022-03-09 08:59:28.409014', '3', 'News object (3)', 1, '[{\"added\": {}}]', 7, 1),
(16, '2022-03-09 09:55:57.164415', '3', 'News object (3)', 2, '[{\"changed\": {\"fields\": [\"Photo file\"]}}]', 7, 1),
(17, '2022-03-09 09:56:26.527942', '3', 'News object (3)', 2, '[{\"changed\": {\"fields\": [\"Photo file\"]}}]', 7, 1),
(18, '2022-03-09 09:57:13.941458', '3', 'News object (3)', 2, '[{\"changed\": {\"fields\": [\"Photo file\"]}}]', 7, 1),
(19, '2022-03-09 09:59:18.136184', '3', 'News object (3)', 2, '[]', 7, 1),
(20, '2022-03-09 09:59:24.764375', '3', 'News object (3)', 2, '[{\"changed\": {\"fields\": [\"Photo file\"]}}]', 7, 1),
(21, '2022-03-09 10:46:10.871888', '3', 'News object (3)', 2, '[{\"changed\": {\"fields\": [\"Photo file\"]}}]', 7, 1),
(22, '2022-03-14 08:20:41.366283', '1', 'Customer object (1)', 1, '[{\"added\": {}}]', 13, 1),
(23, '2022-03-14 08:30:48.892251', '1', 'Customer object (1)', 3, '', 13, 1),
(24, '2022-03-14 08:31:08.432927', '2', 'Customer object (2)', 1, '[{\"added\": {}}]', 13, 1);

-- --------------------------------------------------------

--
-- 資料表結構 `django_content_type`
--

CREATE TABLE `django_content_type` (
  `id` int(11) NOT NULL,
  `app_label` varchar(100) NOT NULL,
  `model` varchar(100) NOT NULL
) ENGINE=InnoDB DEFAULT CHARSET=utf8;

--
-- 傾印資料表的資料 `django_content_type`
--

INSERT INTO `django_content_type` (`id`, `app_label`, `model`) VALUES
(8, 'about', 'reviews'),
(1, 'admin', 'logentry'),
(3, 'auth', 'group'),
(2, 'auth', 'permission'),
(4, 'auth', 'user'),
(11, 'cart', 'detailmodel'),
(12, 'cart', 'ordersmodel'),
(14, 'contact', 'contact'),
(5, 'contenttypes', 'contenttype'),
(13, 'customer', 'customer'),
(7, 'news', 'news'),
(10, 'product', 'products'),
(6, 'sessions', 'session'),
(9, 'team', 'team_photo');

-- --------------------------------------------------------

--
-- 資料表結構 `django_migrations`
--

CREATE TABLE `django_migrations` (
  `id` bigint(20) NOT NULL,
  `app` varchar(255) NOT NULL,
  `name` varchar(255) NOT NULL,
  `applied` datetime(6) NOT NULL
) ENGINE=InnoDB DEFAULT CHARSET=utf8;

--
-- 傾印資料表的資料 `django_migrations`
--

INSERT INTO `django_migrations` (`id`, `app`, `name`, `applied`) VALUES
(1, 'contenttypes', '0001_initial', '2022-03-03 08:35:00.017495'),
(2, 'auth', '0001_initial', '2022-03-03 08:35:00.795259'),
(3, 'admin', '0001_initial', '2022-03-03 08:35:00.963494'),
(4, 'admin', '0002_logentry_remove_auto_add', '2022-03-03 08:35:00.976722'),
(5, 'admin', '0003_logentry_add_action_flag_choices', '2022-03-03 08:35:00.991681'),
(6, 'contenttypes', '0002_remove_content_type_name', '2022-03-03 08:35:01.150240'),
(7, 'auth', '0002_alter_permission_name_max_length', '2022-03-03 08:35:01.296440'),
(8, 'auth', '0003_alter_user_email_max_length', '2022-03-03 08:35:01.380279'),
(9, 'auth', '0004_alter_user_username_opts', '2022-03-03 08:35:01.394930'),
(10, 'auth', '0005_alter_user_last_login_null', '2022-03-03 08:35:01.469439'),
(11, 'auth', '0006_require_contenttypes_0002', '2022-03-03 08:35:01.474428'),
(12, 'auth', '0007_alter_validators_add_error_messages', '2022-03-03 08:35:01.487032'),
(13, 'auth', '0008_alter_user_username_max_length', '2022-03-03 08:35:01.571541'),
(14, 'auth', '0009_alter_user_last_name_max_length', '2022-03-03 08:35:01.679930'),
(15, 'auth', '0010_alter_group_name_max_length', '2022-03-03 08:35:01.770969'),
(16, 'auth', '0011_update_proxy_permissions', '2022-03-03 08:35:01.785034'),
(17, 'auth', '0012_alter_user_first_name_max_length', '2022-03-03 08:35:01.863775'),
(18, 'sessions', '0001_initial', '2022-03-03 08:35:01.908945'),
(19, 'news', '0001_initial', '2022-03-03 08:56:27.446522'),
(20, 'news', '0002_rename_video_file_news_video_url', '2022-03-03 09:03:05.347007'),
(21, 'about', '0001_initial', '2022-03-11 13:24:00.549118'),
(22, 'about', '0002_rename_conmment_reviews_comment', '2022-03-12 16:22:06.345605'),
(23, 'about', '0003_alter_reviews_creat_date', '2022-03-12 16:27:04.780232'),
(24, 'about', '0004_alter_reviews_creat_date', '2022-03-12 16:27:55.551482'),
(25, 'team', '0001_initial', '2022-03-14 05:27:18.812431'),
(26, 'product', '0001_initial', '2022-03-14 07:16:54.852537'),
(27, 'product', '0002_remove_products_brand_remove_products_color_and_more', '2022-03-14 07:19:55.567642'),
(28, 'cart', '0001_initial', '2022-03-14 08:01:26.624637'),
(29, 'customer', '0001_initial', '2022-03-14 08:16:32.848228'),
(30, 'contact', '0001_initial', '2022-03-14 09:20:28.828337');

-- --------------------------------------------------------

--
-- 資料表結構 `django_session`
--

CREATE TABLE `django_session` (
  `session_key` varchar(40) NOT NULL,
  `session_data` longtext NOT NULL,
  `expire_date` datetime(6) NOT NULL
) ENGINE=InnoDB DEFAULT CHARSET=utf8;

--
-- 傾印資料表的資料 `django_session`
--

INSERT INTO `django_session` (`session_key`, `session_data`, `expire_date`) VALUES
('wd8hnm6bu03ap35l01n2qmlnncbujy44', '.eJxVjEEOwiAQRe_C2hCmhWnt0r0nMIYMDEi1KUmhK-PdbZMudPvf--8tLK012bWExY4sBgHi9Ls58q8w74CfND-y9Hmuy-jkrsiDFnnNHKbL4f4FEpW0vVvkBimg4ehZA6A2WgfvqDWdZjDoGJSKEajTCs-uVbEnYDJN7D2y2qKeljqNpYrhdv98ARNQPLI:1nTgnG:ZVBBi8TQJ9PobybvqqsvSyT4HxDANByYQlc8ET2zB8Y', '2022-03-28 09:15:10.572000');

-- --------------------------------------------------------

--
-- 資料表結構 `news`
--

CREATE TABLE `news` (
  `id` bigint(20) NOT NULL,
  `title` varchar(50) NOT NULL,
  `content` longtext NOT NULL,
  `photo_file` varchar(200) NOT NULL,
  `video_url` varchar(200) CHARACTER SET utf8 COLLATE utf8_general_ci DEFAULT NULL,
  `create_date` date NOT NULL
) ENGINE=InnoDB DEFAULT CHARSET=utf8;

--
-- 傾印資料表的資料 `news`
--

INSERT INTO `news` (`id`, `title`, `content`, `photo_file`, `video_url`, `create_date`) VALUES
(1, 'medium全雞分切  - ?大提醒，避免失敗、創造價值！', '首場爆滿的雞肉分切課程\r\n講師Sam 在課後貼心叮嚀如下，大家一起練功\r\n一起增能，共同變強！\r\n❶. 直覺慣用性\r\n下刀前，建議從人體直覺的順向「從上到下，由左至右」進行\r\n如果分切時忽略了直覺慣用性，失敗和危險率將會大幅提升。\r\n❷. 鏡頭和實體中的相反\r\n回家練習時\r\n千萬不要看著影片 或 照片就急著下刀！\r\n建議先 ＃聽懂 並 ＃思考 講師Sam課程中表達的語意和重點再開始，否則因為鏡頭和實體中的左右相反，容易造成混淆。\r\n❸. 帶著新思維分切\r\n分切前，\r\n若有 ＃料理可延伸性 ＃部位可創作性 的思維，\r\n那下刀的手法將會更加不同，甚至從中會容易找到與商業結合的新價值喔', 'logo.jpg', 'youtube', '2022-03-03'),
(2, '真正的廚師戰場永遠在廚房，跟著首席分切師Sam快速提升廚藝職能，一堂課創造你的競爭力', '「真正的廚師，他的戰場永遠在廚房。」— 義菜名廚王嘉平\r\n既然是自己選擇的戰場，那何不花時間精進技藝 ，讓自己突破自我、屢戰屢勝呢 ？\r\n不要猶豫了！\r\n課程適合對象\r\n。已有基礎刀工學習者\r\n。持續精進自我，想習得廚藝進階技巧者\r\n。欲想透過雞禽研發菜單，尋找靈感者\r\n。想多認識同業職人者\r\n\r\nmedium 全雞分切\r\n\r\n『上完課，你將得到 ? 』\r\n\r\n。瞭解雞隻結構與常見的細分切部位\r\n。一隻雞分切成＃35個部位 的實務技巧與心法，由講師帶領現場＃實作 ，手把手教導確保學習狀況\r\n。每人一隻桂丁雞全雞1隻(約2-2.2ｋｇ)，回家烹調美味上菜\r\n『 課程日期 』\r\n\r\n2/ 21 (星期一)，09:30-12:00\r\n\r\n『 課程費用 』\r\n早鳥價：＄2200 （1/31前報名完成者）\r\n售    價 :  ＄2400\r\n\r\nhard 布袋雞\r\n\r\n『上完課，你將得到 ? 』\r\n\r\n。認識臺菜經典手路菜的奧妙\r\n。將全雞去骨、使用雞隻當器皿（像是一個袋子般，如何能開最小的洞，把雞的骨頭、內臟完整去除且讓外皮毫髮無傷.....）的實務技巧與心法，由講師帶領現場＃實作 ，手把手教導確保學習狀況\r\n。每人一隻桂丁雞全雞1隻(約2-2.2ｋｇ)，回家烹調美味上菜\r\n\r\n『 課程日期 』\r\n2/ 21 (星期一)，14:00-17:00\r\n\r\n『 課程費用 』\r\n早鳥價：＄2200 （1/31前報名完成者）\r\n售    價：＄2400\r\n報名網址：https://reurl.cc/Dd3QYE\r\n課程地點：台中市永春東七路758號\r\n報名截止日：#2月15日(二）晚間十二點\r\n備註：\r\n1.每場限額至多12位，全程須配戴口罩\r\n2.名額有限，繳費完成才保留名額唷，＃額滿即關閉表單\r\n3.可自備圍裙\r\n\r\n講師經歷\r\n\r\n台灣美食技術交流協會 首席分切師\r\n鮮享Sunshine專業肉品分切廠技術長，曾遠赴澳洲Midfield Meat Factory解牛，工作達兩年時間，從最基礎的「推牛」工作，升至「刀手」（Slicer），最後擔任「剃骨手」（Boner）。\r\n能在兩分半鐘內拆解一隻全雞，將全雞分切成30幾個產品部位，至於傳說中的「布袋雞」也只需花上10分鐘。', 'logo.jpg', 'youtube', '2022-03-03'),
(3, '周歲派對就在Salt&Pepper', '我要精心在這特別的時刻抹上幾道色彩\r\n就像為你成長的路上\r\n親手縫紉的一套名為 ＃愛 的外衣\r\n願你快樂地平安長大\r\n.\r\n.\r\n抓周佈置方案意者私訊詢問\r\n鹽與胡椒與 Knj.氣球商城 一起為您完成', '001.jpg', 'youtube', '2022-03-09');

-- --------------------------------------------------------

--
-- 資料表結構 `product`
--

CREATE TABLE `product` (
  `id` bigint(20) NOT NULL,
  `name` varchar(100) NOT NULL,
  `price` int(11) NOT NULL,
  `photo_url` varchar(200) NOT NULL,
  `discount` decimal(4,2) NOT NULL
) ENGINE=InnoDB DEFAULT CHARSET=utf8;

--
-- 傾印資料表的資料 `product`
--

INSERT INTO `product` (`id`, `name`, `price`, `photo_url`, `discount`) VALUES
(1, '【上豐蛋品小農的蛋】一箱30顆(新鮮無藥殘無抗生素的雞蛋)', 380, 'https://i2.momoshop.com.tw/1641967798/goodsimg/0007/684/567/7684567_L.webp', '0.00'),
(2, '【RealShop 真食材本舖】日本空運熊本/福岡/長崎/佐賀縣 草莓1組禮盒2小盒入共550g(冬季限定水果)', 799, 'https://i3.momoshop.com.tw/1640566905/goodsimg/0007/267/823/7267823_L.webp', '0.00'),
(3, '【阿成水果】智利櫻桃9Row(2kg/盒)', 1, 'https://i4.momoshop.com.tw/1646150413/goodsimg/0007/420/702/7420702_L.webp', '0.00'),
(4, '【上豐蛋品小農的蛋】新鮮無藥殘無抗生素的雞蛋30顆-週期購', 380, 'https://img2.momoshop.com.tw/ecm/img/online/341/2022/01/03/183307052/2022010318330705201.png?t=20220311155542', '0.00'),
(5, '【禾鴻】產地直送南投水里鮮採青梅5斤X1箱(預購青梅)', 499, 'https://i2.momoshop.com.tw/1644995341/goodsimg/0008/596/364/8596364_L.webp', '0.00'),
(6, '日本皇室六十晝熟成手工貴婦雪霜柿卷', 890, 'https://i3.momoshop.com.tw/1619599708/goodsimg/0007/789/661/7789661_L.webp', '0.00'),
(7, '【禾鴻】高雄甲仙農會季節限定鮮採青梅10斤X1箱(青梅預購)', 699, 'https://img4.momoshop.com.tw/ecm/img/online/341/2020/11/30/160337973/2020113016033797301.png?t=20220311095721', '0.00'),
(8, '【SALUK】冷凍酪梨500g(塊狀/片狀)', 299, 'https://i1.momoshop.com.tw/1638518911/goodsimg/0009/636/758/9636758_L.webp', '0.00'),
(9, '【阿成水果】智利櫻桃(9.5Row/2kg/盒)', 966, 'https://i2.momoshop.com.tw/1646150412/goodsimg/0007/420/117/7420117_L.webp', '0.00'),
(10, '【牛奶草莓】白雪公主白草莓(20顆/盒/約350g)', 990, 'https://i3.momoshop.com.tw/1645162501/goodsimg/0007/495/606/7495606_L.webp', '0.00'),
(11, '【禾鴻】高雄美濃達哥雙色小番茄3斤共2盒(胭脂紅1盒+橙蜜香1盒 年節禮盒喜氣洋洋)', 513, 'https://i4.momoshop.com.tw/1639135527/goodsimg/0009/661/370/9661370_L.webp', '0.00'),
(12, '【燕巢阿明】頂級牛奶蜜棗18-24顆4斤x1盒', 360, 'https://i1.momoshop.com.tw/1637243778/goodsimg/0008/357/209/8357209_L.webp', '0.00'),
(13, '【果之家】古坑老欉鮮採爆汁雞蛋柳丁10台斤(約60-100顆)', 703, 'https://i2.momoshop.com.tw/1634733022/goodsimg/0009/460/659/9460659_L.webp', '0.00'),
(14, '【菜霸子】任選-滿599元出貨(菠菜250g 廠商直送)', 52, 'https://i3.momoshop.com.tw/1646404991/goodsimg/0009/115/873/9115873_L.webp', '0.00'),
(15, '【菜霸子】任選-滿599元出貨(西洋芹菜500g 廠商直送)', 48, 'https://i4.momoshop.com.tw/1646387873/goodsimg/0009/115/897/9115897_L.webp', '0.00'),
(16, '【禾鴻】台南梅嶺新鮮手採青梅10斤x1箱(脆梅專用)', 699, 'https://i1.momoshop.com.tw/1646631048/goodsimg/0009/892/756/9892756_L.webp', '0.00'),
(17, '【愛上鮮果】任選888免運 鮮凍甜豌豆莢1包(200g±10%/包)', 49, 'https://i2.momoshop.com.tw/1627023792/goodsimg/0009/143/790/9143790_L.webp', '0.00'),
(18, '【甜露露】新品種!美國宇宙脆蘋果10入(每盒2.8kg±10%)', 799, 'https://i3.momoshop.com.tw/1646295446/goodsimg/0009/706/011/9706011_L.webp', '0.00'),
(19, '【甜露露】日本青森蘋果綜合組多款任選(2.3-4.5kg)', 899, 'https://i4.momoshop.com.tw/1645632763/goodsimg/0008/140/808/8140808_L.webp', '0.00'),
(20, '【五甲木】泰國鮮凍金枕頭榴槤6包(350g/包)', 1, 'https://i1.momoshop.com.tw/1640916745/goodsimg/0009/458/250/9458250_L.webp', '0.00'),
(21, '【V.G. BOOM】18正常版綠拿鐵-預購商品(綠拿鐵鮮凍包)', 2, 'https://i2.momoshop.com.tw/1636649311/goodsimg/0007/665/822/7665822_L.webp', '0.00'),
(22, '【GREENS】綜合炒蔬菜(1000g)', 185, 'https://i3.momoshop.com.tw/1619155860/goodsimg/0008/001/429/8001429_L.webp', '0.00'),
(23, '【WANG 蔬果】日本黃金周熊本/福岡/佐賀草莓1組(每組2小盒/約550g)', 699, 'https://i4.momoshop.com.tw/1646990329/goodsimg/0007/426/269/7426269_L.webp', '0.00'),
(24, '【菜霸子】任選-滿599元出貨(紅蘿蔔600g  /  約2-4入 廠商直送)', 25, 'https://i1.momoshop.com.tw/1646404988/goodsimg/0009/115/804/9115804_L.webp', '0.00'),
(25, '【甜露露】大顆！青森蘋果大紅榮+金星9入(3.2kg±10% 28粒頭)', 888, 'https://i2.momoshop.com.tw/1645602072/goodsimg/0007/321/429/7321429_L.webp', '0.00'),
(26, '【菜霸子】任選-滿599元出貨(甘藍芽300g  / 袋廠商直送)', 84, 'https://i3.momoshop.com.tw/1646404995/goodsimg/0009/115/903/9115903_L.webp', '0.00'),
(27, '【SALUK】冷凍酪梨塊3包組(500g/包 塊狀/片狀)', 849, 'https://i4.momoshop.com.tw/1645158766/goodsimg/0009/846/018/9846018_L.webp', '0.00'),
(28, '【巧食家】特A等級毛豆仁 1KG量販包 X5包(1000g±10%/包)', 801, 'https://i1.momoshop.com.tw/1645096509/goodsimg/0009/511/908/9511908_L.webp', '0.00');

-- --------------------------------------------------------

--
-- 資料表結構 `reviews`
--

CREATE TABLE `reviews` (
  `id` bigint(20) NOT NULL,
  `auther` varchar(20) NOT NULL,
  `grade` int(11) NOT NULL,
  `comment` longtext CHARACTER SET utf8 COLLATE utf8_general_ci NOT NULL,
  `review_date` varchar(20) NOT NULL,
  `creat_date` date NOT NULL
) ENGINE=InnoDB DEFAULT CHARSET=utf8;

--
-- 傾印資料表的資料 `reviews`
--

INSERT INTO `reviews` (`id`, `auther`, `grade`, `comment`, `review_date`, `creat_date`) VALUES
(1, '我是Gin', 5, '門口一台可愛的白色餐車，看起來好夢幻♡\n店內寬敞舒適，開放式廚房可看到餐點製作\n精緻擺盤與美味的食物，令人念念不忘\n唯一缺點 應該就是價格不太親民 (ಥ﹏ಥ)\n⁡\n⁡\n✎ 個人套餐 $880\n⁡\n►『#煙花女細扁麵 』\n上面一整隻中捲真的非常吸睛 ?\n中卷很鮮新，吃起來有脆脆的口感\n紅醬細扁麵包裹滿滿醬汁，偏重口味一咪咪\n算是比較乾式的義大利麵?\n⁡\n►『#鯷魚蜂蜜烤時蔬 』\n節瓜與茄子烤外後依然非常多汁\n白花椰菜帶有一點炙燒香味\n鯷魚醬個人覺得有點小腥味，在可接受的範圍\n⁡\n⁡\n另外加點的披薩? #瑪格麗特\n薄片的餅皮竟然是有嚼勁的口感 ̋(๑˃́ꇴ˂̀๑)\n上面的新鮮起司與紅醬完美搭配\n牽絲的披薩把我的心都牽走啦 ♥\n⁡', '3 個月前', '0000-00-00'),
(2, '黃郁雯（艾咪小姐）', 5, '這間餐廳很適合5-6人來聚餐\n餐點種類不多、份量還滿足夠的\n超推「戰斧豬排」上餐時就已經是切塊好的\n口感軟嫩到以為在吃牛排\n有附橘醬很清爽解膩\n炸魚薯條份量很夠\n有告知店員燉飯要米芯軟一點，但我個人吃起來還是覺得偏硬～\nBTW裝潢很漂亮，店裡的環境跟氣氛很舒服\n廁所雖然只有一間，但很乾淨\n我們有當日壽星，不過店裡目前沒有針對壽星有優惠或是其他活動，有點可惜?', '1 個月前', '0000-00-00'),
(3, '阿萬', 4, '好吃真的 雖然點了價位比較便宜的雙人\n但還是吃的飽\n1.沙拉的醬甜度剛剛好；蔬菜也好吃，另我驚豔的是培根跟烤蕃茄，連不敢吃肥肉跟番茄的夫人都吃的光光，培根的油香味不油不膩；番茄的番茄那種土味不見，變淡雅的風味。\n2.前菜有個雞肉，也是看到夫人把雞皮吃掉的驚訝時刻???，烤的好吃好吃。\n3.主餐，海鮮燉飯，是台灣人不太能接受的覺得米心沒熟的正宗燉飯，燉飯的醬不是平常外面那種另人反感的甜膩味，是舒服的滑嫩的。', '3 週前', '0000-00-00'),
(4, '周佑群', 1, '首先：以一份燉飯來說，沒有附餐也沒有附湯，CP值實在是太低了，實際餐點價值大概是價格的一半；\n其次：菜單設計與標示相當有問題，海鮮燉飯前面價格標示450，然後品項後面再寫（+150），試問為什麼前面價格不直接寫600？店員點餐時也沒有特別說明，直到買單時自己看帳單才發現花了660吃了一份海鮮燉飯！有一種欺騙消費者的感覺。\n最後：+10%服務費真的不知道在收什麼意思的？只給一個QRcode要我們自己看菜單，但也不是線上系統點餐，只是菜單圖片檔案放在雲端要我們自己看，店員也沒有什麼餐點介紹，詢問餐點內容也講解的不清不楚，這種服務還跟我收服務費，是在欺負老實人嗎？\n???????', '2 週前', '0000-00-00'),
(5, 'Chih Yi Chang', 4, '貼心的服務讓人印象深刻\n可以感覺到\n服務生有仔細留意每一位客人用餐情況\n餐點之間不會等待過久 氣氛也十分舒服\n\n聖誕期間推出的雙人套餐還不錯\n炭烤章魚 咬起來有點韌\n\n但主餐表現非常好\n干貝番紅花海鮮燉飯\n海鮮新鮮而且份量十足\n調味上也非常的到位\n\n炭烤安格斯黑牛肋眼\n牛肉軟嫩多汁\n\n甜點表現普普 但整體用餐感受非常好??\n期待下次披薩的表現', '2 個月前', '0000-00-00'),
(6, 'Yu-Sian Lien', 2, '今天是一個朋友推薦我你們，然後再帶其它朋友去，但令我感到期待落差。\n價格中上，但如果價格定位是這樣，實際所獲得的餐點和服務並沒有感受到相等的回報，餐點口味普通；另在菜單設計部份，線上菜單的流程怎麼會用PDF呢？如果要落實線上菜單，應該也是APP送單方式，怎麼要線上又要有服務生來點餐？最後，菜單標價方式用「加價」的方式很多餘，為何不就標正確價在各別的餐點就好？這樣可以減少一層誤會', '2 週前', '0000-00-00'),
(7, '傅沛孺', 5, '一家從前菜、湯品、主菜\n都沒有讓人失望\n越是簡單的烘培方式越能吃出食材的美味\n非常適合好友、情人們聚餐的好地方', '3 週前', '0000-00-00'),
(8, 'C C', 4, '海鮮燉飯的飯很硬，料比飯量多。牛菌菇燉飯味道跟飯的硬度較剛好。蛤蜊義大利麵味道清爽。番茄起司沙拉非常空虛……，凱撒沙拉算是較有誠意的份量，味道也不錯。烤食蔬也是空虛感十足……黃瓜茄子花椰菜，清爽到不行……\n豬肋排是叫人驚豔的好吃，口感居然是嫩的，份量也不少。半雞就是普通烤雞，沒特別驚喜。', '2 個月前', '0000-00-00'),
(9, 'Lily Milk', 1, '一個人吃了一千多塊\n還餓到回家再煮泡麵吃\n份量真的少到爆炸', '3 週前', '0000-00-00'),
(10, 'In Chien Brain', 5, '服務一百分！我們是十人以上的大團體但是每個人都感覺有被照顧到，而且換盤的速度也很快！\n\n牛排軟嫩多汁，搭配旁邊的馬鈴薯泥，是我本日最愛！\n本來很期待煙花女義大利麵，不過好像就是想像中的味道～\n漁夫湯充滿大海滋味，平常怕魚味的人也會很喜歡（如我）\n甜點部分，香蕉巧克力上面的巧克力片完全驚艷（？）常常遇到那種油膩奶油味的巧克力片，但沒想到這裡的吃起來很像金沙外面那層變成一片，甚至比金沙再更濃郁！', '3 個月前', '0000-00-00'),
(11, 'H小威', 4, '價位偏高\n套餐搭配麵包/沙拉/湯品/前菜\n\n麵包偏乾帶些許蒜香\n兩道前菜是我覺得相當好吃\n\n煙花女/墨魚麵\n算是較經典的義式料理。\n整體口感不錯。', '5 個月前', '0000-00-00'),
(12, 'Jenny Jia', 4, '餐點普通 份量少 價位偏高\n套餐沒有附飲料 CP值低\n是來吃氣氛服務的而已\n四顆星給服務人員\n上餐速度快 服務態度親切\n他們裡面的停車場沒有合作?️\n內用無法折抵，另外再計時收費', '3 個月前', '0000-00-00'),
(13, 'Chengen Tsai', 2, 'menu 掃QR code 閱讀方式不方便，因為是連到google drive，而且要一直zoom in才看得到字，應該可以用獨立網頁，打開直接是手機適合的大小。\n\n餐點普通，煙花女義大利麵偏鹹，松露蕈菇湯普普，覺得整體CP值不高。', '2 週前', '0000-00-00'),
(14, '盧耿全', 4, '餐點好吃，份量也很夠，但飲品部份普通', '1 個月前', '0000-00-00'),
(15, 'Matteo Liu', 5, '口味做的算道地\n在台灣要吃到比較硬的麵條是比較不容易的\n\n鯷魚烤菜這道很特別\n鯷魚味道沒有很明顯\n反而很好入口', '2 個月前', '0000-00-00'),
(16, 'Parisa Li', 4, '來參加AGGIELEO的產品發佈餐會，意外驚艷到原來餐點可以這麼的多樣性！推薦義式的餐點。', '2 個月前', '0000-00-00'),
(17, '鄭羽涵', 5, '二訪鹽與胡椒餐館，服務還是很周到，服務員也很親切，餐點準備很用心，還會再訪！', '3 週前', '0000-00-00'),
(18, '林再隆', 2, '沒有驚艷的感覺，價格不便宜\n所以CP值不高，感覺都是年輕人在吃流行的', '2 個月前', '0000-00-00'),
(19, 'Hung I Lun', 5, '因為朋友帶寶寶的關係，比預期中晚抵達餐廳，在最後點餐時間才開始點菜，加上吃蛋糕慶生的關係，吃到打烊很不好意思，餐點新鮮美味，推薦的酒也很不錯，服務態度非常好，洗手間還有尿布台超貼心❤️', '4 個月前', '0000-00-00'),
(20, 'Louis Chen', 5, '調味屬於比較重一點～像我這樣偏重口味的人\n真的很不錯 很好吃\n另外再推一下 四重披薩的蘋果醬搭配完美', '5 個月前', '0000-00-00'),
(21, 'Jamie chiu', 5, '松露鴨肝羅西尼牛排軟嫩至極\n搭配鹹香的鴨肝 油脂在口中化開好吃到不行\n薯泥調味堪稱完美比例(沒在誇張)\n謝謝熱情闆娘的推薦\n\n布拉塔乳酪番茄沙拉\n來自 台北知名乳酪坊 慢慢弄 的布拉塔\n難怪一吃就停不下來\n\n松露牛肝菌披薩\n吃得到現刨黑松露\n窯烤充滿炭香味的餅皮配綜合菇\n滿分\n\n威尼斯風味炸竹莢魚\n現殺吃的出新鮮\n\n香蒜海蛤給的很大方\n非常開胃\n\n自製薯條超級好吃 彷彿來到比利時\n裡面鬆軟 表皮酥脆\n冷掉依舊美味\n更多美食@isjamiecpy', '1 個月前', '0000-00-00'),
(22, 'Aaron Lin', 5, '內用晚餐\n義法料理餐廳，晚餐時段人數不多，服務生推薦餐點讓人很舒服，個人套餐只要880，cp值很高，濃湯的部分充分感受到餐廳的用心，不是隨便的那種，前菜的淡菜也是很新鮮，干貝番紅花海鮮燉飯的香氣十足，是認真的燉飯，是一個適合週五下班小約會的地方，櫻桃鴨胸相對普通，來這邊建議點義大利麵或是燉飯，總之是一間可以推的餐廳！', '6 個月前', '0000-00-00'),
(23, 'West Liu', 3, '環境氣氛佳，服務態度良好，但用餐時間只能1.5hr實在有點趕，肉類的味道也有點生.', '5 個月前', '0000-00-00'),
(24, 'Kim Kim', 3, '接待跟結帳人員都很親戚有禮面帶微笑\n也會幫餐點多的客人開門\n餐點高水質，衛生管理個人覺得有待改善\n廚師都沒戴帽子\n製作披薩的女廚師瀏海也蠻長的還垂下來\n看起來就不是很衛生\n若遇到說餐點有頭髮的客人我想也百口莫辯\n\n披薩很好吃 皮很Q很有嚼勁\n四種起司口味還有附蘋果醬 沾起來蠻驚口味蠻搭的\n肉桂捲個人覺得有點甜', '7 個月前', '0000-00-00'),
(25, 'Neil Chou', 5, '服務非常好，且餐點好吃，鹽是吃起來真好吃，似乎是餐廳特選的！雖然吃晚餐還是點了咖啡真香，問了才知道是精選咖啡豆，好喝！讚?', '7 個月前', '0000-00-00'),
(26, '乎拉肯（huracan）', 5, '餐點美味 份量還蠻多的\n米麵深得我心\n用餐環境佳 服務好\n推薦', '4 個月前', '0000-00-00'),
(27, 'Chelsea', 4, '期望太高 餐點普通  兩人 均銷1500/人\n牛肋眼 五分熟，仍很像口香糖 吃到後面嘴巴很酸 非常不推薦\n牛肉上蓋 肉質比較嫩 還可以\n\n兩人消費的話 比較推薦各單點 乙份飯或麵食 ，再加點乙份配菜（肉類、炸物或披薩?）', '5 個月前', '0000-00-00'),
(28, '王忻瑜', 5, '餐食很美味，擺盤和環境都很不錯，適合朋友聚餐或慶祝節日', '5 個月前', '0000-00-00'),
(29, '趙曌', 4, '環境很好\n餐點也不錯\n怕吃不飽加點了套餐\n吃起來覺得很空虛\n套餐的湯及前菜份量都不多\n男生吃整個套餐下來\n應該是不會到很飽的\n我點的是排餐\n如果要吃飽建議點麵食類會比較好\n因為價格差很多\n排餐吃起來大概會在1800左右\n麵食類1000初還能吃比較飽', '6 個月前', '0000-00-00'),
(30, 'john lee', 3, '搬家之後，換了大地方，多了一倍的位置95個，少了一倍的溫度。\n之前看評論說變成美式餐廳，還不以為意，星期五餐廳服務都還比鹽與胡椒的溫度還高。\n像極了百貨公司的餐廳了，食物也少了一點樂趣，勉勉強強四星，廚師大概也換人了吧！\n擺盤可以，食材尚可，好像都還可以，海鮮湯腥的不像話，沙拉菜不新鮮，軟的，義大利麵死鹹，送餐順序亂七八糟，在吃主菜還跑來點餐，暈倒，像極了路邊攤。\n\n午餐晚餐不同風味，很好吃（一年前）', '6 個月前', '0000-00-00'),
(31, '三口品', 3, '披薩 還不錯吃\n\n只是點餐到出餐 披薩不到15分就出爐了，意外的快？！\n\n炭烤香料半雞跟煙火女細扁麵口味偏鹹', '7 個月前', '0000-00-00'),
(32, '黃淇淇（Vicky）', 5, '好吃、但如套餐有附飲料甜點會更好', '3 個月前', '0000-00-00'),
(33, 'Panda Luo', 5, '平價卻不簡單\n想簡單吃的不錯的晚餐\n搭杯酒會很快樂的那種餐廳\n\n餐點調味忠實呈現食材原本的風味\n屬於那種（手法標準樸實 但非常好吃的那種\n推薦\n1.蕈菇清湯 清甜旨味甘美\n2.淡菜必點 鮮甜不過熟 飽滿且調味平衡\n\n推薦喜歡Cp值路線但不願意隨便將就一餐的你', '7 個月前', '0000-00-00'),
(34, 'Yi-Nung Kuo', 4, '從去年在新址開幕後，各個節日都有salt and pepper的陪伴（絕對不是因為更方便停車?）\n\n使用台灣在地食材，減少過度烹調與添加，以不同手法保留原味、呈現不同料理\n\n多次用餐，最喜歡的莫過於某一午餐聚會，紙巾在關鍵時刻突然從身旁遞上、品嚐到最棒的一次松露羅西尼牛排、一個眼神交會生日蛋糕完美上桌\n\n希望在餐期高峰也能保有水準，依季節變換食材和菜色\n\n價格過於輕易被比較與放大，在CP值背後，那份價值更值得被關注，相信台中也有很棒的小餐館，感謝主廚與團隊的用心，請一定要繼續堅持，也期待越來越好！', '10 個月前', '0000-00-00'),
(35, '丁丁', 1, '慕名很久的餐廳，趁生日時訂位和家人來聚餐慶生，剛入座時服務人員沒有主動詢問是否第一次來用餐和介紹菜單，點餐時服務人員沒用紙筆記錄想說蠻厲害的，我們5個人點了5樣主餐2份開胃菜，4個人的主餐送來都快吃完了剩一份遲遲沒送，跟服務人員告知後才發現服務人員漏點了一份，才請廚房趕緊製作，剩下的那位朋友只能很尷尬的迅速用完餐點(其他人餐點都吃完了)。\n餐點口味只能說很普通且分量很少價格又貴(個人主觀意見)，對家人和朋友感到很抱歉，只能說在這個價位的餐廳可以選擇更好的\n服務跟裝潢是不錯 食物的話我覺得不予置評\n看其他人評論都說以前很好吃，不過以我第一次來用餐只能說蠻失望的\n如果各位吃完感想跟我一樣的話可以按個讚讓我知道一下', '1 年前', '0000-00-00'),
(36, 'Anne Yi', 2, '啤酒普通 餐點尚可 價位偏貴 裝潢好看有風格 同居人還是需要有隔板不可同桌 #鹽與胡椒 #鹽與胡椒餐館 #鹽與胡椒餐酒館 #saltandpepper #salt&pepper #snp', '3 個月前', '0000-00-00'),
(37, '皮皮', 3, '聽朋友說這家的東西CP值很高\n也很好吃\n但我發現自己好像真的不太適合\n吃這種道地的西班牙餐或是義大利料理\n之前吃過一家義大利麵的燉飯\n有說過道地的燉飯米粒是硬的\n\n?烙烤豬肉甜椒起司燉飯360\n上面的豬肉蠻好吃的\n瘦肉很嫩肥肉不會太油還不錯吃\n但的確燉飯的米粒是硬的?\n起司很\n?煙花女細扁麵380\n是類似義大利麵偏乾\n可能是醬汁不多的關係\n麵條本身是好吃的\n中卷也很新鮮又好吃而且蠻大隻的\n但口味上我覺得真的不適合我\n?鯷魚蜂蜜烤時蔬280\n裡面本來有茄子\n因為不吃茄子\n所以主廚幫我們換節瓜\n上面淋的鯷魚醬味道有點重\n但如果可以接受那味道的話\n整個菜是蠻好吃的\n?自家醃製炸雞220\n這就超級好吃?很可以??\n?柳橙汁120\n\n總之我下次來應該不會再點義大利麵跟燉飯了\n但還是會想再來吃就是了\n而且這裡的服務超棒店員都很親切\n氣氛也很好??這超推\n門口還有美美的餐車可以拍照\n但是說CP值高我真的覺得沒有\n因為兩個人吃四樣東西\n一杯飲料一碗濃湯就1600多塊了\n但還是值得來吃吃看啦！\n不過我覺得有個缺點就是\n義大利麵灼料沒有Tabasco 很可惜\n給我一碟台式的辣椒油\n這對愛吃辣的人很失禮欸\n哈哈哈哈\n沒有啦開玩笑的\n我個人吃義大利麵沒加Tabasco 的辣醬\n會覺得蠻不對味的\n純粹個人口味偏好?', '10 個月前', '0000-00-00'),
(38, 'Haru哈魯享生活', 5, '來這一定要點海鮮類呀！實在令人驚艷的好吃!不喜歡小捲的我 主廚把它做到咀嚼一點也不辛苦 同時又很入味清脆 太讚啦！炸魚也非常好吃！推推', '11 個月前', '0000-00-00'),
(39, 'Chloe Ma', 4, '預約中午與家人用餐被安排到了二樓座位，上樓之後發現空間及餐桌座位距離應該是給多人的空間，因為是用輕鋼架加蓋，有人走動時地板可以明顯感到晃動。\n第一次用餐覺得菜的口味還不錯，食材用料很新鮮，只是上桌時可能距離拉長送餐時間，許多該熱的菜都不是熱騰騰的狀態，有點可惜。服務人員從接待到餐邊服務都不錯！讓人很舒服～家人會想再回來光顧，只是給餐廳小建議，餐具的部分有發現已經掉漆，其實可以用簡單不鏽鋼餐具取代，或者定期檢視一下餐具品質狀況再拿給客人使用會比較好。', '2 個月前', '0000-00-00'),
(40, '丘涵', 5, '訂位17點半，我們全家17點23就在門口，還沒靠近大門服務生就眼尖的把門打開笑容滿面的問是否有訂位，一入座貼心地告知有置物籃，雖然不會用到，但感覺很好。會貼心的介紹菜色，就連中間用餐時我只是隨意轉過頭看一下環境，在旁邊小開會的服務員都還能眼尖的快步走來問需要甚麼服務，這點在餐飲業內真的很重要。\n菜色、服務，有停車位都給滿分，還要再給加分的是廁所的洗手台竟然還放了手機置物箱，這對只帶手機進去沒帶包包的客人來說非常方便，雖然多數人用不太到，但這太設想周到了啦!!!\n推薦淡菜跟海鮮綜合拼盤，很新鮮喔!!!!', '1 年前', '0000-00-00'),
(41, '楊登和', 4, '前菜很好吃，頗有特色！', '3 個月前', '0000-00-00'),
(42, 'Lola C', 4, '口味偏鹹，價格稍貴。', '1 個月前', '0000-00-00'),
(43, 'Amber', 5, '最愛鹽與胡椒了～\n餐點跟肉桂卷都超好吃❤️服務也很好', '6 個月前', '0000-00-00'),
(44, 'Elisa Hsu', 5, '這可是我近期吃過最好吃的西式餐廳了！我們點的是凱撒溫泉蛋沙拉、煎魚、海膽鮮蝦麵、爐烤櫻桃鴨、海鮮湯！每一樣都很精緻好吃，尤其是櫻桃鴨胸皮脆肉嫩，完全媲美牛排啊！真棒?以後會常去的只要能訂到位子?', '1 年前', '0000-00-00'),
(45, 'Loveand Lee', 5, '鹽與胡椒餐館\n最終回預訂到的「翻轉黑糖肉桂捲」\n從拿到就很期待吃起來的口感～\n放進烤箱烤過拿出來\n一整個香氣撲鼻而來～\n充滿微微的肉桂香\n捲層都充滿了黑糖肉桂醬\n吃起來軟嫩又甜而不膩\n蠻不錯的❤️真的是太幸福了！', '7 個月前', '0000-00-00'),
(46, 'Violet', 2, '餐點好吃但種類不多\n\n明明其他桌比我們早到，也可以安然地坐在位置上，卻因為一群網美要併桌就很趕的把我們趕走。\n這種消費的餐酒館限時一個半\n也不在入座的時候說明不合理吧', '2 個月前', '0000-00-00'),
(47, 'X C', 3, '當天點的是義大利麵，老實說口味並不太符合我\n\n海膽鮮蝦義大利麵有點膩，吃到最後蠻反胃\n清炒部分，鹹 到 爆 ，真的鹹到瘋狂喝水那種\n\n前菜部分 擺盤是真的蠻美，但吃起來，就是單純的魚，跟醬料味道完全分開，魚腥味重\n\n整體來說不會想再二訪?', '11 個月前', '0000-00-00'),
(48, 'Zax Merkys (札克斯)', 5, '很大的義式餐廳\n樓上會比較熱一些', '5 個月前', '0000-00-00'),
(49, 'Tin Liang', 4, '東西真的好吃\n不ㄧ一解說\n因為口味看個人\n但都有水準以上\n價格不是太便宜，但就是看消費習慣囉', '11 個月前', '0000-00-00'),
(50, 'Edward Chan', 4, '朋友推薦，不錯吃！旁邊就是收費停車場，很方便（非特約不可抵消費，希望改成消費可抵停車）\n隱藏披薩 - 芝麻葉生火腿，很好吃但是這口味幾乎每家都有不知道在隱藏什麼???\n薯條好吃，沾醬蠻特別的很搭\n另外海膽鮮蝦義大利麵有濃郁的海味，也很推薦！\n\n唯一缺點，廚房每個人口罩都沒有確實戴好，希望跟員工多多溝通強調', '11 個月前', '0000-00-00'),
(51, 'CHINGLIN LU', 5, '服務與食物都讓人賓至如歸。停車方便。', '2 個月前', '0000-00-00'),
(52, 'Ming-Yen Lin', 5, '每道餐都頗有特色、中上價位', '6 個月前', '0000-00-00'),
(53, 'Ting-Fang Chen', 5, '服務人員很好，餐點也好吃！不過會希望用餐時間限時1.5H可以延到2H，這樣大家吃起來會比較沒有壓力哦！', '11 個月前', '0000-00-00'),
(54, '謝芳宜', 5, '我吃飯的速度比不上台中進步的速度啊\n這家salt&papper食物超棒！\n我在台北不太吃餐酒，通常都貴又吃不飽?\n來到台中真的結合所有優點於一身啊\n好吃、價格可以、裝潢好、服務到位、感受高級?\n尤其這個海膽麵吸滿了海鮮精華，湯汁收的剛剛好\n我的豬肉起司燉飯份量也剛好，每一口都配得到肉塊！\n蛤蜊麵也是醬汁跟麵融合的完美?\n結尾的起司蛋糕跟咖啡都不馬乎～～\n台中真的太宜居了啊', '11 個月前', '0000-00-00'),
(55, '洪敏淳', 5, '享受美食的好去處。\n每一道料理都能吃出不同層次的風味道，\n加上看了就食指大動的擺盤。\n會一口接一口停不下來,吃飽之後還會另人吮指回味！\n\n最推薦的是煙花女細扁麵。麵一入口小番茄、酸豆、醃橄欖的酸香氣隨之而來，再搭上口感Q彈香氣迷人的炙燒中捲，那真的是回味無窮的好味道。\n\n接著是松露蕈菇披薩，烘烤過後起司油脂將松露與菇類的香氣逼到極致，加上咀嚼時披薩中間的溫泉蛋汁會讓口腔保持松露的香氣，知道整盤吃完才發現披薩不知不覺被分食掉了！', '1 年前', '0000-00-00'),
(56, 'Patti Chen', 5, '環境舒適、餐點也不錯！', '1 個月前', '0000-00-00'),
(57, '顏瑋恩', 5, '餐點精緻，氣氛很好，雖然份量不大，但可以感覺到主廚的用心，綜合炸海鮮超級新鮮美味，算是很有質感的一間店～適合約會聚餐。來餐酒館這次沒喝到酒有點可惜，不曉得酒類的表現如何?', '1 年前', '0000-00-00'),
(58, 'Jackie Lin', 4, '鹽與胡椒餐館SALT&PEPPER RESTAURANT，創意義大利料理，用餐環境舒適，服務人員年輕親切￼￼，推鹹豬肉披薩，自己的￼ 窯烤爐皮酥脆鹹豬肉香，番茄淡菜￼新鮮又大顆美味，炸雞塊香多汁，羊排與干煎鴨肉￼香甜￼，墨魚麵香醇海味濃郁￼非常好吃，搭配粉紅色氣泡酒，一顆顆美麗的粉紅氣泡在杯裡悠游，喝起來暢快舒適無比，增添不少歡樂氣氛。', '1 年前', '0000-00-00'),
(59, 'mj tsai', 2, '整體而言沒有想像中的那麼好吃，\n甜點價位偏高（一個約250+10%）\n開胃菜反而比較好吃，牛排、燉飯、義大麵麵覺得還好⋯可能是太過期待，讓自己覺得有點失望。', '11 個月前', '0000-00-00'),
(60, 'Richard K. W. Hsu', 5, '蠻好吃的，有中高預算可以嚐嚐。', '5 個月前', '0000-00-00'),
(61, 'L A. S. C.', 1, '從以前的舊店吃到現在，今天四個人來吃午餐。點了一個雙人套餐，跟單點兩份主餐。份量很足夠，畢竟我們才四個女生，但是如果沒有點到四份主餐可能會不太夠，現在的份量跟以前比起來少了很多。記憶中的煙花女都是一整條的中卷，但是我們上桌的煙花女的頭是對半而已加上一塊身體一塊尾巴。有可能也許我們是最後一桌客人或是備料不足，但是不知道什麼原因店家也沒有解釋，後來翻了一翻review 上的照片，大家都是一整條完整的，只有我們吃到的是切開成一塊塊的，我們再翻一翻我們以前吃的打卡的照片，都是一條完整的，所以回家後還不禁懷疑是不是因為我們太晚到，被某人吃掉了？？？?\n整體來說，服務還是一樣的好，用餐氣氛也如同以往很愉快，只是不好意思拖的有點太晚了。但是，真心覺得以前的味道比較好，而且份量也小了（加上中卷竟然只剩1/3），如果以後還有聚餐的選擇，我們不會再考慮來SALT&PEPPER了，從第一次每個人吃的讚嘆連連與老闆娘的好客對比今天的失望，我只能說有些東西還是留在記憶中就好了。', '2 年前', '0000-00-00'),
(62, 'Angela Gau', 4, '口味與義式餐點調理方式應該算是我近期在台中吃到最喜歡的♥️?（燉飯有米心、麵條硬度適中）不過價格在台中算偏高，份量跟價格大概跟我在台北市區餐廳的用餐經驗差不多，但整體來說還是會推薦其他人來用餐，店內氣氛很棒，服務人員親切專業，很適合跟朋友家人偶爾來享受一下?最喜歡布拉塔起司沙拉與海鮮墨魚麵', '1 年前', '0000-00-00'),
(63, 'Fanny Chen', 5, '餐點美味♥️當天吃的每一道菜都很喜歡♥️\n特推煙花女細扁麵、瑪格麗特pizza♥️\n當天有朋友生日，現場選了抹茶塔、檸檬塔當飯後甜點，並請店員協助擺飾，畫面簡約好看，抹茶塔和檸檬塔也很美味♥️\n下次會帶家人一同回訪♥️', '10 個月前', '0000-00-00'),
(64, 'May Chiu', 5, '#鹽與胡椒餐館\n#鹽與胡椒餐館salt\n好吃 服務超好 餐點介紹很詳細\n從帶位開始都會很有禮貌的稱呼姓氏覺得很用心 環境氛圍都不錯\n\n#干貝番紅花海鮮燉飯 $480 (日本干貝+番紅花+海魚+海蝦+海蛤)\n#煙花女細扁麵 $380 (烙烤中卷+番茄+鰻魚+酸豆+橄欖+蒜頭)\n#經典凱薩沙拉附溫泉蛋 $350 (風乾蕃茄+香草豬培根+parmigiono+黑胡椒)\n#鮮切炸薯條 $180 (新鮮馬鈴薯+薑味番茄醬)\n#lurisia_alu_義大利氣泡天然礦泉水', '1 年前', '0000-00-00'),
(65, 'Kimi Hong', 4, '是我喜歡的義大利麵\n燉飯偏硬 味道很好\n如果怕硬飯的就會不愛\n墨魚也鮮氣濃郁\n披薩?有微微焦香\n沾果醬 也很好吃別有一番風味\n柳橙汁偏清淡原汁 好喝\n炸薯 不是酥脆那種 但內陷都很紮實❤️', '1 年前', '0000-00-00'),
(66, '江小蓋', 4, '餐點跟服務都很精緻，但可惜的是覺得口味上不是很協調，留下了就差那麼一點的遺憾。\n\n我點了兩人分享餐，但每道菜，從沙拉到主菜，都擺上了番茄，坦白講我有點傻眼。印象最深的是醬汁，真的是很講究，色澤與口感都很棒，但搭配上菜色卻又感到不夠鹹，感覺搭不上，很可惜。\n\n以整體品質來說，我覺得價格是合理，下次有機會也許會再訪。', '1 年前', '0000-00-00'),
(67, 'Paggy Chen', 4, '一直想來吃義大利麵結果晚上是賣排餐，但排餐主食也沒有太讓人失望！主食旁邊的配菜也別有用心，蘿蔔仿粿的料理讓我有點驚艷，份量有點稍少，但還是可以飽足，下次在品嚐義大利麵~', '1 年前', '0000-00-00'),
(68, '誠品權', 5, '非常有風格的餐廳，內部也非常的有質感，位子不多需要事先提前預約，有些菜色也是需要提前預訂（ 波士頓龍蝦義大利麵、爐烤法國薩索雞附雞肝醬汁、爐火慢烤鴨胸、慢火爐烤PRIME頂級安格斯黑牛肋眼）等，烤雞皮外酥肉嫩軟，吃起來不會柴柴乾乾的，很好入口，鴨胸嫩到讓你驚嘆，由於是慢烤的關係，比較沒熟的地方可以再請服務生回烤，服務超級棒的。松露牛肝蕈燉飯味道也超棒，怕米粒偏硬可以要求燜爛一點較好入口。有套餐可以升級，真的非常建議升級，因為溫泉蛋配麵包太好吃了，都來到這吃飯了水費60就別省了，服務那麼周到都沒收服務費了，不要連個水錢也要計較。汽車停車位不多五、六個，最好提早到附近停車才不會耽誤到時間。', '3 年前', '0000-00-00'),
(69, '嘎', 1, '餐點普通、份量少、價格偏高、要等很久\n一個人平均消費約1000元，沒有這個價值\n尤其烤魚沒什麼調味 番茄是擺盤沒有一起烤\n很失望 不會再訪?', '1 年前', '0000-00-00'),
(70, '劉秀英', 5, '在我心目中這裡算是台中義大利麵中的佼佼者 前五名一定有 其實不止義大利麵 牛排 海鮮 都非常的到位 尤其是有一些創意料理 比如說法式呈現的豬血糕啊 都看得到用心 雖然裝潢不頂高級 廚房做菜的空間都快要比客人的座位區還要大 表示是很正統的在做西餐的概念 生熟時分開處理 表示有相當執著的一面 我喜歡 對台中人來講 會覺得貴了一點 但是物有所值 是我會一來再來的店', '1 年前', '0000-00-00'),
(71, 'Mars Mars', 3, '鴨胸偏甜吃了二塊之後會覺得膩，第三塊冷掉之後鴨味會出現變成一個不討喜的味道，肋眼牛排及義大利麵則及格而已，單點主餐餐廳沒有給佐餐麵包配菜也是點綴而已覺得這間餐廳有點小氣。', '1 年前', '0000-00-00'),
(72, 'LIU BLAIR', 3, '沙拉和炸海鮮份量偏少，橄欖油清炒蛤蠣麵義大利麵口味偏鹹（吃完需要點飲料），燉飯米不夠細緻沒有米心入口沒有燉飯的滑順感⋯唯一比較喜歡鴨胸而已\n菜單創意度較低是play safe 的菜單\n服務很好晚到預先電話聯絡櫃檯還貼心回應小心開車??', '1 年前', '0000-00-00'),
(73, '彭婷愉', 4, '整體從湯品、前菜、到主餐、點心表現都很不錯。對於吃方便素食者也算是友善的，有一些無肉蔬食餐點可以選擇。\n推薦自家醃製炸雞，男友說肉質很嫩，調味也很特別，吃完一整盤也不會膩?主餐的安格斯黑牛肋眼的熟度控制的滿好，但有幾塊帶硬筋，總評還是略遜炸雞。\n我自己主餐是點松露牛肝菌燉飯，松露的味道很濃郁，每種菇類處理成不同層次的口感，加上微硬的義大利米，我個人是非常喜歡！\n點心的話我覺得相對普通了。\n當天主要慶祝情人節，有事先網路預訂情人節畫盤，沒想到還有附上小蠟燭，算是小小驚喜?\n原本用餐前看到有許多1顆星的評價還滿緊張的，但是實際用餐之後覺得體驗很好，服務生很親切、環境整潔有氣氛，下次還是願意回訪，也會推薦給朋友～', '11 個月前', '0000-00-00'),
(74, 'pc', 4, '餐點水準之上，很推薦牛肝菌燉飯，味道很濃很香，服務態度非常好，可以說是難得一見的服務品質，義大利麵相對普通。', '11 個月前', '0000-00-00'),
(75, 'Yi Han Wang', 4, '不記得到底幾年前， 第一次吃是在他們還在干城街社區一樓的店面， 當時餐廳很溫馨、料理食材新鮮好吃， 很多 大人會帶小孩去那邊用餐，整體相當有溫度。\n後來他們搬到中彰賓士後門， 曾經幾度想進去， 隱約覺得他們哪裡變了， 就好像整體變高級，突然讓我有點不好意思踩進去?\n近期發現他們又變遷了， 搬到永春東七路上， 更大間、 餐酒館的概念更鮮明， 今天尾牙選在那邊吃， 餐點一樣好吃， 但整體變得比較商業化。\n我說的商業化是~我點的肋眼上蓋盤中有附上粗粒鹽（ 好像說是藻鹽）， 服務生上菜時貼心的表示：如果海鹽沾完了可以再跟他們要， 途中我跟服務生要了一次， 送上來的竟然是料理用的細鹽， 結帳時我忍不住問了一下： 我要的鹽巴是給料理用的細鹽還是當初盤中的粗粒海鹽？ 服務生當下先解釋，不管什麼鹽他們用的都是好鹽，除非特別註明不然就是給料理用的鹽巴， 其實我覺得蠻.....嗯....???\n\n• 服務人員的態度都很好\n• 用餐環境舒適\n• 備有停車場相當方便\n\n➡️ 碳烤安格斯黑牛肋眼（上蓋）限量6oz$1380（ 我忘記確切數字了，結帳時我沒認真看） 比安格斯黑牛肋眼12oz貴一倍? 但看到限量兩個字就還是想吃吃看。\n沒錯~就像圖片那樣三切片， 選的5分熟非常好， 嫩口好切又沒有血水， 薯泥綿密到我好奇他怎麼做的， 奶味非常重，喜歡奶的人一定愛?\n\n➡️ 爐烤櫻桃鴨胸$680 這道真的很推薦！鴨皮脆口， 好像有刷上蜂蜜最後上噴槍，帶點甜、帶點焦糖香， 我們選7分熟肉質非常嫩， 建議熱熱的時候吃，後來冷掉吃就會有明顯的“鴨”味（哈）\n\n➡️ 干貝番紅花海鮮燉飯$480\n其實外面物超所值的海鮮燉飯真的是太多了， 這道感覺就有弱掉， 我覺得這個價格可以針對風味再提升一點點， 因為我自己覺得沒有吃到鮮味?米心硬度選正常，我覺得義大利米非常好吃。\n\n➡️ 威尼斯風味炸魚$300， 竹莢魚吃的出來很新鮮肉質非常的結實細緻， 也是看到限量兩個字就點了，哈哈哈， 還有沒有令人失望。\n\n➡️ 炭烤章魚番茄蔬$360\n章魚的口感跟我想的不一樣 ，不是印像中章魚的Q彈嚼勁， 肉竟然是軟的！沒有大海的那種鹹味?倒是烤蕃茄非常的甜！\n\nBTW 牛排餐刀非常好切！ Google了一下原來是法國知名餐具品牌， 很想入手?', '1 年前', '0000-00-00'),
(76, '陳穎萱', 5, '服務品質超越滿分！\n細心觀察，發現客戶需求！\n協助孕婦候位，拉椅子！\n甚至給予額外的服務！\n前菜與主餐味道稍微偏鹹，\n但口味豐富濃郁，\n蛤蜊以及中卷：鮮、嫩好吃！不會烹煮太過！', '1 年前', '0000-00-00'),
(77, 'JC', 3, '一間很吃氣氛的店家☺️\n\n如果想要找安靜、看起來高檔（實際上價格也是高檔）的店家，這裡絕對是你的選擇，食材部份吃起來是新鮮的，但整體來說份量不是很足夠…\n服務人員倒水的服務做得很勤??只是餐具在收餐時還是希望可以再和客人確認一下是否還有要使用…免得還要麻煩服務人員再送一副新的', '2 個月前', '0000-00-00'),
(78, '劉美辰', 5, '服務人員的水準高，貼心細緻，態度很有耐心～^_^ 烤雞好棒唷，一吃就知道挑選的是優質的肉～～^_^也很喜歡餐點中的醬，薯條的或雞肉搭配的醬都很棒～^_^。', '1 年前', '0000-00-00'),
(79, 'Stanley Liu', 5, '台中最喜歡的西式小館之一\n烹調口味細緻，氣氛輕鬆，價格中上，適合小聚吃好一點；值得再訪。\n\n環境桌位較擁擠，喜大器華麗的朋友不太適合。\n用料裝潢更高檔的餐廳台中不是沒有，\n端看自己對口味以及門面的要求到哪裡。', '2 年前', '0000-00-00'),
(80, 'AhNiou Lin', 3, '與以前給人印象不同，晚餐偏創意料理，這季節菜色調味是相對中式的但不會落於俗套的口味；中卷的五味醬不若外面海鮮餐廳的膩，純粹就給了番茄的甜味跟薑的嗆調和，非常棒的醬料，可惜中卷略冷掉才上菜；不是米血糕、但是是西班牙墨魚燉飯，蒸得稍軟了一些些不過應該是搭配主題刻意所為，搭配旁邊的美乃滋調和醬料留下不錯的印象；油封鴨腿本日最佳表現，軟爛入味、單吃的香氣已足，但是搭配旁邊的芋泥又是另一種中式芋泥鴨的風味；主餐的豬排外層碳烤香氣足、應該是味增調和的醬料表現也很不錯，中心雖仍稍有粉紅色澤但口感上稍微過熟了；整體表現有一定水準，但晚餐跟午餐價位跟餐點印象落差有點大，有機會可回訪...午餐', '2 年前', '0000-00-00'),
(81, 'YUN', 2, '服務好，點了威尼斯炸魚、油封海蛤、煙花女細扁麵、櫻桃鴨胸，只能說食材都滿新鮮的，五分熟鴨胸口感嫩還不錯，但其他的餐點包含推薦的招牌煙花女細扁麵，口味真的是平凡無奇QQ，頗為失望，同樣價格應該可以有更好的選擇。', '1 年前', '0000-00-00'),
(82, '黃庭輝', 2, '?新開二店，己不復當年在干城街的口感，單點餐玉米濃湯偏太甜，?赤嘴蛤義大利麵偏鹽，菌菇湯亦偏鹽，吃不到口味與價格正比值(己是趕\"天龍國\"超越美食之都了)，經營不易，盛況榮景 稍縱即失!?️??♿?', '1 年前', '0000-00-00'),
(83, '陳振南', 5, '餐點好吃，份量足夠', '3 個月前', '0000-00-00'),
(84, '黃文彥', 3, '用餐席位擁擠.分時段訂餐.時間限制·餐飲採單點(主餐加價升級套餐已停止.並告之點雙人組合套餐較為伐算…套餐內竟未含餐後飲料,甜點也只有一人份·詳細請參考餐廳Menu).包括飲用水?麵包均需單點消費·單點料理均為一人份量不多不少·如需共享請考量食量以免吃不飽…當日午餐2178元(附明細參考)二人完全吃不飽.因在預算下Cafe.甜點也放棄沒吃·所以想來用餐者預算需寬裕些.免得跟我們一樣。\nLunch約在1500元上下…Dinner約在2000元上下(主餐均以牛小排880元計算)\n對於擁擠空間及消費額不在乎者.其料理口味尚屬美味等級.可考慮前往品嘗……但以此消費及美味我寧願選擇在更優雅&寛裕空間的橡木牛排享用午餐。', '2 年前', '0000-00-00'),
(85, 'briewng', 5, '最最最愛的是「四種起司」披薩\n餅皮用窯烤帶點Q勁\n下次我要外帶這片回家獨享\n點這麽多道 只偏愛這片', '1 年前', '0000-00-00'),
(86, 'kevinFH Huang', 3, '價格偏高\n份量蠻少的\n環境尚可\n但若滿桌的話感覺有點吵雜\n用料十分實在 有感受到對餐點的用心程度\n但男生來享用的話\n真的會吃不飽\n若是要來過節的也可能要考慮吵雜程度\n停車算方便\n水60真的很貴 60可以去量販買進口水\n喝水喝到飽', '2 年前', '0000-00-00'),
(87, '董乃豪', 5, '屬於偏高價位\n但在服務態度很棒，各項菜色除了餐前說明，出餐時也會另外介紹\n不過在主餐的肉品不管是鴨胸、豬排、牛排、還是雞肉，都烹調的非常恰如其分，不軟爛、不柴，感覺得出來用心(鴨胸及牛排部分需提前預約)\n飲料-拿鐵，使用的豆子喝起來很順口，價格也ok\n開胃菜及湯品調味也不錯\n整體用餐品質優，大概就是各桌位子與位子較近\n餐廳前面有數台停車位、旁邊也有機車停車\n用餐熱門時段應該都是預約的客人，請記得先預約', '4 年前', '0000-00-00'),
(88, 'Mi mi', 4, '疫情期間外帶餐點，pizza和麵冷了也很好吃！\n但前菜炸雞? 最後裡面沒炸熟⋯吃到後面有點噁心', '8 個月前', '0000-00-00'),
(89, '張婷萱', 3, '看了很多人在網絡推薦而來的，\n食物真的普通到不能再普通，\n沒有想像中的那麼好吃，\n（因為被大家形容到很好所以訂位到現在當天都期待）\n但真的好失望?.............\n畢竟有多期待就有多失望。\n\n價位偏高，\n兩個人吃兩份套餐沒有附飲料甜點所以需要單點，\n這樣差不多三千初頭左右，\n是覺得這樣的花費不太值得。\n\n關於服務，\n有看Ig說特別為了給客人好的服務品質幫員工上課。\n其他人的服務還Ok，\n但就是有位瀏海綁起來的女生，\n送餐放什麼都不說話，\n我們都說了謝謝........\n連回應都沒有，\n是感覺心情不太好嗎？\n\n總之就是網路寫得太好，\n這樣的價位服務跟美味度不成正比，\n客人也幾乎都是年輕的妹妹居多，\n：網美餐廳就只會來一次而已。', '6 個月前', '0000-00-00'),
(90, 'Sharon Chiu', 3, '搬家後變了⋯\n供餐方式、菜色調整，價格變貴了；不過生意還是很好。味道，沒有像之前這麼喜歡了⋯\n\n營造的小酒館氣氛，感覺像親子餐廳⋯不過這是其次。\n\n一起來看看吧！三道料理中，《不是豬血糕》我還會想再吃一次，《蚵仔》的醬料很用心有特色，可惜炸蚵吃不到肥美鮮甜；碳烤肋眼熟度處理的不錯，不過筋真是⋯以它的價位是不是該稍微處理一下啊？！\n\n創意不設限-4', '1 年前', '0000-00-00'),
(91, 'BOSS MI', 3, '換了新址空間舒服大了許多\n還有附設停車場?這個加分\n回憶裡還在干城街小小溫馨的店裡哈哈\n新店的服務人員很多 服務好\n餐點口味還可以\n玉米濃湯偏甜\n煙花女扁麵裡面的酸豆與橄欖太鹹啦\n布丁?好吃\n喜歡義式料理的朋友可以嚐嚐', '1 年前', '0000-00-00'),
(92, 'rina tseng', 4, '地點小偏僻、生意非常好，餐廳後方有停車場很方便，餐點口味有特色，好吃但份量偏少、價格偏高，價格與份量不成正比，我食量不大都覺得吃完肚子還有些空虛，海膽鮮蝦口味我覺得很喜歡！', '1 年前', '0000-00-00'),
(93, 'Jonathan Sue', 5, '服務親切、食物新鮮、價格合理，但較為弔詭的是外場的服務員都配戴口罩，內場的每位廚師口罩掛下巴，希望店家可以再注意一些。', '1 年前', '0000-00-00'),
(94, 'Hsu Karen', 4, '重新開幕一樣好吃，餐點很有質感，沙拉很棒不是美生菜跟紅蘿蔔絲那種台式空虛的沙拉。煙花女每次都會點實在太上相，但是最喜歡紹興雞肉燉飯，不知道怎麼形容了，就是非常搭，回味無窮。\n\n不過生意太好了即使是平日晚上也很吵，想跟朋友好好聊天的話不要約這邊，都快聽不見對方講話。\n\n服務態度很棒這點還是要說一下。', '3 年前', '0000-00-00'),
(95, 'Cynthia Sun', 3, '凱撒沙拉和海鮮燉飯很好吃', '5 個月前', '0000-00-00'),
(96, 'aliceray12', 5, '炸薯條很夠味、再搭上薑味沾醬，很好吃！\n墨魚麵是本日第MVP，松露牛菌菇燉飯也是一絕~', '11 個月前', '0000-00-00'),
(97, 'Wen L', 3, '新店剛開幕時超多部落客推薦，現在單點加200可以換套餐，整體費用其實不太便宜。空間非常擁擠，3人安排吧台座位，超難聊天⋯反而比較像晚上的餐酒館⋯超熱鬧。餐點的鴨胸需要預定，其實味道不錯，皮很脆，但覺得吃起來不驚艷。另一道青蔥燉飯，雞胸肉用舒活的方式烹調，吃起來不柴，紹興酒的香氣很重；本來很期待的青蔥燉飯，採用意大利米芯吃起來是我喜歡的正統口感，醬汁是白醬的做法，青蔥味道不明顯，反而吃多了有點膩口XD\n忘了說，前菜的炙燒中卷新鮮好吃！還有紅茶也很好喝。\n**整體來說，這家餐點還不錯，但價格以及用餐環境覺得不太符合這個定價**', '4 年前', '0000-00-00'),
(98, 'Chia Chi Chou', 4, '價位很高級的餐館，但也因為如此看得到食材的用心。有部分餐點都需提前預約讓店家準備！尤其以|西西里風味烤野生海魚|，非常好吃！\n|爐烤鴨胸|\n|煙花女細扁麵|\n|蝦汁海鮮義大利麵|\n|58°低溫烹調美國牛小排|\n其他料理也表現的頗出色，只是位置不多且有點小窄覺得可惜～', '3 年前', '0000-00-00'),
(99, 'Poppy Hung', 3, '三顆星給外場，服務超好！服務費給20%都願意⋯\n但餐點完全不行，點了招牌義大利麵，從頭到尾只有酸味，而且這種價位食材如此單調，令人不解？\n舊店是如此令人懷念，新店變貴變難吃，不會再去消費！', '4 個月前', '0000-00-00'),
(100, 'Lena Lin', 4, '適合愛吃海鮮的人\n白酒蛤蜊很多\n海鮮盤的海鮮都滿新鮮的\n料理方式特別\n醬汁跟佐料有的是偏酸的\n喜歡運用很多蔬菜搭配的料理\n吃的很飽\n店的前面有四格停車位\n但是價位偏高', '1 年前', '0000-00-00'),
(101, '乙芯賴', 5, '打電話詢問料理內容服務人員介紹的很詳細\n訂單也有按照備註，雖然沒辦法內用但還是一樣美味，包裝、擺盤也不馬虎！！\n餐盒上的留言也超貼心～', '9 個月前', '0000-00-00'),
(102, 'ryan cheng', 5, '台灣 小威石東 微氣泡酒 好好喝❤️\n\n三個人 點了 九道 開胃菜 ❤️❤️❤️\n每道開胃菜都好好吃?\n\n兩道 甜品 也好喜歡?\n\n蚵仔煎\n煎蛋 茄子 甜椒美乃滋 花生碎 五香醋汁 青菜\n\n炭烤章魚?\n澎湖章魚?  麵團子煎餅  海菜  美乃滋  柴魚醬油\n\n炭烤鮮蝦三明治\n海鹽橄欖油美乃滋 甘藍菜 薄荷 醋漬蘿蔔\n\n阿媚炸肋排\n究好豬 蜂蜜 五香粉 烏梅 胡椒鹽\n\n香酥芋泥鴨\n油封鴨随  五香蜜汁 芋頭 米香 蔬菜\n\nWHO咬豬\n脆皮豬五花  割包  油封梅乾菜  醋漬蘿蔔  黑棗  生菜\n\n不是豬血糕\n紫菜  墨魚汁 義大利米  中卷  西班牙臘腸\n\n高麗菜封\n海蛤  冬瓜  香茅\n\n煎日本干貝\n白蘿蔔 紹興荷蘭醬 火腿片\n\n蓮子奶酪\n南投國姓百花蜂蜜 桂花  鹽之花蛋白餅\n\n車輪餅\n香草卡士達醬 蘿勒海綿蛋糕  草莓', '2 年前', '0000-00-00'),
(103, '木木相枎Studio', 5, '初訪，由於假日臨時預定，座位在吧檯前。\n前菜是中餐的元素使用西餐的作法。\n前菜蚵仔、米血糕、米粉湯。\n令人驚艷的詮釋，菜色著重點不在重組元素而是西式作法與中式口味的融合，加上令人驚艷的小巧思。\n主菜的部分較為中規中矩，雞肉燉飯的部分稍微使用一些紹興酒醃製，加上菠菜燉飯。鴨胸熟度適中，甜點部分表現算的ok。\n總體來說價位我認為是合理的，服務也相當不錯，酒單的部分還能再加強。', '2 年前', '0000-00-00'),
(104, 'Weiwei', 4, '鹽與胡椒-好吃的老牌知名店\n新的店址有工業風的外觀，店內環境很寬敞\n吧台和窯烤爐在外場顯眼的地方，有美義風格的感覺，搭配半開放式的廚房整體感覺乾淨\n服務上服務員都非常主動熱情服務❤️\n餐點的部分都非常好吃，我點煙花女扁麵，海味夠、麵體軟硬適中，烤的中捲非常好吃\n上菜的速度很快，也會貼心詢問上菜的速度\n整體來說用餐很開心、東西也都好吃?\n不太敢吃海鮮的朋友點餐可能要避開有海味的餐點\n牛肚份量稍小一些些', '1 年前', '0000-00-00'),
(105, '王韋智', 5, '以精緻路線重新詮釋了從小到大吃過的台式美食。從第一道菜到最後的甜點都沒讓我失望。\n\n是間值得再次拜訪的好店！\n謝謝你們', '2 年前', '0000-00-00'),
(106, 'Teresa Chen', 5, '請原諒我實在很不會拍照。\n鹽與胡椒餐館還在舊址時，我曾經去過一次，那時候對他們的義大利麵留下印象，不過搬家後的菜單做了調整，與之前不大相同。\n新地點有停車位，約可停五台車，用餐位置一樣不多，想用餐建議先預約。\n每個人的客單價約800~1000元，海鮮用料新鮮，干貝超大顆，戰斧豬排肉質軟嫩，自製的鳳梨醬甜中帶酸，可解豬排的油膩。\n水資每人60元，可選擇氣泡水或礦泉水，我最近迷上氣泡水，喝了不少杯XD。\n鹽與胡椒餐館的餐點好吃新鮮，可刷卡，服務親切，缺點是人多時有些嘈雜，有機會的話不妨一試。', '3 年前', '0000-00-00'),
(107, '李小粒', 2, '本來是很期待的\n但⋯\nPizza焦苦味\n義大利麵吃不出有其它調味只有腥味', '1 年前', '0000-00-00'),
(108, 'Mina', 5, '東西好吃，披薩是兩人份量唷～吃很飽，謝謝招待?', '1 年前', '0000-00-00'),
(109, 'Jak Chwu Chia', 4, '這次訂了聖誕大餐，入席的時間比我們預定的時間晚了半小時，或許時間掌控上可以再加強。餐點非常好吃！麵包口感非常的好，可以在配餐上用心很值得讚賞。無論如何算是個高單價的套餐，但餐點都具一定水準，會想再訪。今日點的是慢火烤鴨胸5分熟，吃起來也不會有血很不錯！', '4 年前', '0000-00-00'),
(110, '愛小姐', 5, '非常喜歡這家餐廳，從前菜、沙拉、主餐跟湯品，都非常讓人滿意。希望飲料、甜點可以有更亮眼的表現及選擇！', '11 個月前', '0000-00-00'),
(111, 'Rebecca Lee', 5, '年輕的店 餐點都到味 服務也很好 還有好咖啡 推薦厚培根?超好吃?', '1 個月前', '0000-00-00'),
(112, '陳宏彰', 5, '每一次前來，\n每一次都帶著期待前來，\n享受著每一分用心準備的餐點，\n讓口腔味蕾再一次的重新洗禮！\n棒棒！\n提醒每一位聞香而來的饕客，\n記得要先預定好餐點喲，\n薩索雞、鴨胸、牛排、烤魚都要先預定的喲！\n期待再來吃「雞」！！！', '3 年前', '0000-00-00'),
(113, 'Johnny Chang', 1, '單人低消破千， 餐飲水準整體體驗是不到兩百伍的水準， 跌破眼鏡非常不值!', '3 週前', '0000-00-00'),
(114, 'Weiting Ho', 4, '其實還好而已 真的 而且貴得重鹹 披薩也不好吃 餅皮有點焦 重點焦味不美味', '1 年前', '0000-00-00'),
(115, 'tone hector', 3, '正午用餐，菜單整體偏貴，但確實有細心烹煮與擺盤。\n室內用餐空間小又擁擠，充斥著吵雜的講話聲與不時的小孩尖叫聲，老實說，用餐環境不佳！\n點了份開胃菜西西里風味野生烤海魚與主餐煙花女細扁麵及黑咖啡。\n人多大約等了半小時麵就上來了，整隻中卷豪氣地橫跨在盤子上，番茄烤的非常多汁，但基本上麵的調味不夠，沒什麼特別味道。\n接著烤海魚上桌，用料擺盤很講究，上面還有整片的月桂葉與松子，魚肉緊實好吃，但下方的調味料非常鹹，鹹到配沒味道的麵剛好……\n全部吃下來小食量的剛好8分飽，一個人去剛好可以坐吧台邊觀賞廚師們分工調理的過程。\n整體口味個人覺得沒有很好吃！', '3 年前', '0000-00-00'),
(116, '倪歐', 5, '主餐豬肉 軟嫩厚實\n搭配鳳梨汁燉蘋果\n本來想說配這麼甜的配菜\n要做什麼沒想到 意外超搭的 絕妙好滋味\n.\n服務都很客氣，不過一定要點mineral water可以理解這是營收來源\n可是如果單價更高的餐廳\n有不用付費的水，比較之下就有點落漆', '2 年前', '0000-00-00'),
(117, 'Fannie Wu', 2, '料理有特色但味道普通，不是令人驚艷...份量其實蠻多，如果有點主餐再點開胃菜就很多了！（接近吃不完的份量）\n不過吃不完的還有一個原因是用餐時間不夠長，食物上菜等待時間將近一小時，時間快到還會催促\n口味是不錯，但以這個價位跟服務可以吃到更好的～', '2 年前', '0000-00-00'),
(118, 'Peter Lo', 3, '餐點還不錯，瑪格莉特還可以再更好，餅皮和起司、番茄都分離，而且很濕。', '1 個月前', '0000-00-00'),
(119, 'lutzu Huang', 5, '服務周到，蔬菜烤得恰到好處，威尼斯風味炸魚鮮嫩多汁，海膽海鮮超療癒，披薩超好吃❤️', '1 年前', '0000-00-00'),
(120, 'Emily Chen', 4, '前菜的創意十足，味道也很不錯。\n但主餐普通，熟度不夠\n提醒巨食怪們，份量不大', '2 年前', '0000-00-00'),
(121, 'Stanley Syuu', 4, '烤鴨烤雞都很好吃，舒肥牛小排非常軟嫩但是沒有“煎”的香氣，不過食物、服務與價位我覺得很相襯，適合節日慶祝。另外特別要講他的前菜炸麵團，我覺得非常好吃！', '3 年前', '0000-00-00'),
(122, '馮庭祥', 5, '2018年8月初訪\n前菜的SP餃子感覺就是嗯這是義大利餃，沒有特別之處。開胃菜的蚵仔就滿好吃的，概念是從蚵仔煎而來變成炸蚵仔與太陽蛋配上五香醋醬汁，讓人想起日本炸物會使用的酸甜醬汁。薩索雞胸搭配青蔥燉飯，聽說青蔥燉飯是人氣菜色，但是我覺得最好吃的是裡面的油封雞胗，入口軟嫩味道鮮美，大火煎過的百合莖也是鹹香好吃。雞胸肉非常軟嫩，如果雞皮能夠更酥脆一點就會更滿意這道了。安格斯黑牛小排是好吃的部位，搭配醬汁也不錯。最後的甜點是桂花蓮子雪糕，雪糕中間夾著蓮子，上面配著桂花凍一起吃，這道的食材搭配也是喜歡的。整體來說大多數餐點確實好吃，也感受的到用心與技術，但是看著價位就覺得稍貴一點，跟台北的同等級餐酒館相比的話，可能台北的還比較便宜一些。不過當天外場人員看我在拍照，很體貼地幫我換到燈光比較亮的桌，不然真的拍起來很吃力，服務可以多加一星。', '3 年前', '0000-00-00'),
(123, 'Wang Bella', 1, '因為看到IG慕明而來，裝潢服務都還不錯，但餐點有點失望麵跟飯都太油，麵還有些硬！餐點看起來都很好吃，但實際上口味普普～', '1 年前', '0000-00-00'),
(124, 'W. L', 3, '食材重複性太高，菜單選擇不多，來電要求客人預定主菜，到現場發現其實所選的主菜不需要預定。當日用餐火候掌控太差，牛小排以低溫烹調方式處理，口感和方式表現都不盡理想。豬肉單調無味，豬皮過硬；雞肉煎過頭，有些意外；煙花女義麵調味不對，但食材夠新鮮。前菜可圈可點但服務確實需要加強。經友人推薦前往用餐，但與期待相距有些遠。實屬可惜...', '4 年前', '0000-00-00'),
(125, 'Angela Wang', 5, '氣氛優雅，整體環境明亮乾淨，非常適合紀念日的聚餐。\n當天order雙人分享餐，烏賊嘴、中卷、干貝新鮮甘甜，尤其是干貝，超好吃?♥️\n食材新鮮，調味細緻，會想要再訪。?', '2 年前', '0000-00-00'),
(126, 'Chris Chou', 5, '服務與店內氣氛很棒，前菜偏向台式調味西式烹調，很有創意，不錯但並不符合我個人的口味，主菜的海鮮相當美味，整體來說值得給五顆星。\n個人是覺得CP值大概跟得梨斯差不多，有新菜單可以再來試試', '2 年前', '0000-00-00'),
(127, 'Huiwen Yu', 4, '吃得出來食材不錯，服務生也專業親切，\n蝦汁海鮮義大利麵好吃，有驚艷，但海蛤裡面都是沙，每個都是，本來還不死心想說不會運氣這麼好吧！！沒想到每個都沙\n用餐時候剛好有家庭聚餐，有小小孩，嗯有點吵啊！', '3 年前', '0000-00-00'),
(128, 'ChunKuang Chen', 4, '主餐義大利麵非常好吃，醬汁根麵條比例完美，可惜美中不足是前菜炸薯條過軟，廁所芳香劑味道略重，作靠近廁所位置用餐有些困擾', '3 個月前', '0000-00-00'),
(129, 'Chia Ling Wu', 5, '建議先訂位，單點式菜色。推薦五分熟的鴨胸嫩度剛好，配上酥脆外皮，美味值得一試。另外番紅花海鮮燉飯也是令人印象深刻，入口就是滿滿鮮甜的海味，配上炭烤風味的豐盛海鮮，吃起來非常滿足。', '3 年前', '0000-00-00'),
(130, 'Kaiming Yeh', 5, '前菜不錯，義大利麵很正宗，牛排外酥脆內軟嫩，甜點的泡芙也好吃。', '1 年前', '0000-00-00'),
(131, 'Shu Chun Chen', 5, '真的是很滿意今天點的餐點！\n服務人員態度很友善❤️❤️\n以後會常光顧的?', '1 年前', '0000-00-00'),
(132, '楊秉毅', 5, '餐點好吃?也好拍\n拍到都忘了要吃哩\n建議一定要先預訂再來\n不然會沒位置喔！', '1 年前', '0000-00-00'),
(133, 'Yuxien Li n', 5, '超級好吃，假日人多一定要預約，爐烤鴨胸是每日限量，電話預約時記得要註記！', '1 年前', '0000-00-00'),
(134, '黃新雅', 5, '部分牛排鴨胸雞肉必須前一天預約，但現場仍有許多選擇！\n食物上的製作很天然且擺盤用心外，注意食材的原味呈現！\n我那天點的海鮮盤上搭配的清炒蘆筍，讓我覺得是我此生目前吃過最好吃的，一吃有驚為天人的清爽與美味！\n友人點的戰府豬，更是軟嫩不老！廚師技巧真的很棒啊！', '3 年前', '0000-00-00'),
(135, 'Huang Tim', 4, '燉飯和義大利麵都還滿好吃的，服務生也多，重點是價錢和份量相比，真的不成對比，太貴了點！', '1 年前', '0000-00-00'),
(136, 'coolim', 5, '適合聚餐的店，餐點服務都很好~\n都必須要很早預定，否則常常被包場喔~~~', '1 年前', '0000-00-00'),
(137, 'Catherine Liu (左右馬麻)', 5, '真的物超所值，之前從不敢吃5分熟的牛排，但鹽與胡椒真的完全讓我驚艷與驚訝!每一道餐點都新鮮、精緻、美味，真的覺得超級棒的!\n孩子吃過直呼:「這是她們吃過最好吃的牛排」，真的所言不虛!\n低調外觀，讓人難忘的美味，非常有氣氛的店內氛圍，超級推薦!', '2 年前', '0000-00-00'),
(138, 'Tsai Yunting', 1, '好吧，我來說說我的感想，\n首先料理是不錯吃，但份量少到回家還要買個鹹酥雞來吃！\n聚餐選定這裡，以下圖片為6人分享餐總共6600元左右，每人大概1100元。\n每人吃到：ㄧ隻蝦子、兩口義大利麵、兩口燉飯、兩顆蛤蜊、兩小塊牛肉、我還幸運吃到ㄧ隻柳葉魚（柳葉魚只有四隻）、ㄧ小口炸小捲圈、幾根薯條、ㄧ小撮生菜沙拉、兩小塊薄片披薩、一個甜點和一杯茶，好了就這樣。\n這裡應該適合吃氣氛，不適合聚餐的地方，同樣價格在台中有更棒的選擇，這次來嚐鮮後，不會再來了。', '10 個月前', '0000-00-00');

-- --------------------------------------------------------

--
-- 資料表結構 `team_team_photo`
--

CREATE TABLE `team_team_photo` (
  `id` bigint(20) NOT NULL,
  `image` varchar(100) NOT NULL,
  `upload_date` date NOT NULL
) ENGINE=InnoDB DEFAULT CHARSET=utf8;

--
-- 傾印資料表的資料 `team_team_photo`
--

INSERT INTO `team_team_photo` (`id`, `image`, `upload_date`) VALUES
(1, 'image/index_3.jpg', '2022-03-14'),
(2, 'image/index_6.jpg', '2022-03-14');

--
-- 已傾印資料表的索引
--

--
-- 資料表索引 `auth_group`
--
ALTER TABLE `auth_group`
  ADD PRIMARY KEY (`id`),
  ADD UNIQUE KEY `name` (`name`);

--
-- 資料表索引 `auth_group_permissions`
--
ALTER TABLE `auth_group_permissions`
  ADD PRIMARY KEY (`id`),
  ADD UNIQUE KEY `auth_group_permissions_group_id_permission_id_0cd325b0_uniq` (`group_id`,`permission_id`),
  ADD KEY `auth_group_permissio_permission_id_84c5c92e_fk_auth_perm` (`permission_id`);

--
-- 資料表索引 `auth_permission`
--
ALTER TABLE `auth_permission`
  ADD PRIMARY KEY (`id`),
  ADD UNIQUE KEY `auth_permission_content_type_id_codename_01ab375a_uniq` (`content_type_id`,`codename`);

--
-- 資料表索引 `auth_user`
--
ALTER TABLE `auth_user`
  ADD PRIMARY KEY (`id`),
  ADD UNIQUE KEY `username` (`username`);

--
-- 資料表索引 `auth_user_groups`
--
ALTER TABLE `auth_user_groups`
  ADD PRIMARY KEY (`id`),
  ADD UNIQUE KEY `auth_user_groups_user_id_group_id_94350c0c_uniq` (`user_id`,`group_id`),
  ADD KEY `auth_user_groups_group_id_97559544_fk_auth_group_id` (`group_id`);

--
-- 資料表索引 `auth_user_user_permissions`
--
ALTER TABLE `auth_user_user_permissions`
  ADD PRIMARY KEY (`id`),
  ADD UNIQUE KEY `auth_user_user_permissions_user_id_permission_id_14a6b632_uniq` (`user_id`,`permission_id`),
  ADD KEY `auth_user_user_permi_permission_id_1fbb5f2c_fk_auth_perm` (`permission_id`);

--
-- 資料表索引 `cart_detailmodel`
--
ALTER TABLE `cart_detailmodel`
  ADD PRIMARY KEY (`id`),
  ADD KEY `cart_detailmodel_dorder_id_4a34f87f_fk_cart_ordersmodel_id` (`dorder_id`);

--
-- 資料表索引 `cart_ordersmodel`
--
ALTER TABLE `cart_ordersmodel`
  ADD PRIMARY KEY (`id`);

--
-- 資料表索引 `contact`
--
ALTER TABLE `contact`
  ADD PRIMARY KEY (`id`);

--
-- 資料表索引 `django_admin_log`
--
ALTER TABLE `django_admin_log`
  ADD PRIMARY KEY (`id`),
  ADD KEY `django_admin_log_content_type_id_c4bce8eb_fk_django_co` (`content_type_id`),
  ADD KEY `django_admin_log_user_id_c564eba6_fk_auth_user_id` (`user_id`);

--
-- 資料表索引 `django_content_type`
--
ALTER TABLE `django_content_type`
  ADD PRIMARY KEY (`id`),
  ADD UNIQUE KEY `django_content_type_app_label_model_76bd3d3b_uniq` (`app_label`,`model`);

--
-- 資料表索引 `django_migrations`
--
ALTER TABLE `django_migrations`
  ADD PRIMARY KEY (`id`);

--
-- 資料表索引 `django_session`
--
ALTER TABLE `django_session`
  ADD PRIMARY KEY (`session_key`),
  ADD KEY `django_session_expire_date_a5c62663` (`expire_date`);

--
-- 資料表索引 `news`
--
ALTER TABLE `news`
  ADD PRIMARY KEY (`id`);

--
-- 資料表索引 `product`
--
ALTER TABLE `product`
  ADD PRIMARY KEY (`id`);

--
-- 資料表索引 `reviews`
--
ALTER TABLE `reviews`
  ADD PRIMARY KEY (`id`);

--
-- 資料表索引 `team_team_photo`
--
ALTER TABLE `team_team_photo`
  ADD PRIMARY KEY (`id`);

--
-- 在傾印的資料表使用自動遞增(AUTO_INCREMENT)
--

--
-- 使用資料表自動遞增(AUTO_INCREMENT) `auth_group`
--
ALTER TABLE `auth_group`
  MODIFY `id` int(11) NOT NULL AUTO_INCREMENT;

--
-- 使用資料表自動遞增(AUTO_INCREMENT) `auth_group_permissions`
--
ALTER TABLE `auth_group_permissions`
  MODIFY `id` bigint(20) NOT NULL AUTO_INCREMENT;

--
-- 使用資料表自動遞增(AUTO_INCREMENT) `auth_permission`
--
ALTER TABLE `auth_permission`
  MODIFY `id` int(11) NOT NULL AUTO_INCREMENT, AUTO_INCREMENT=57;

--
-- 使用資料表自動遞增(AUTO_INCREMENT) `auth_user`
--
ALTER TABLE `auth_user`
  MODIFY `id` int(11) NOT NULL AUTO_INCREMENT, AUTO_INCREMENT=2;

--
-- 使用資料表自動遞增(AUTO_INCREMENT) `auth_user_groups`
--
ALTER TABLE `auth_user_groups`
  MODIFY `id` bigint(20) NOT NULL AUTO_INCREMENT;

--
-- 使用資料表自動遞增(AUTO_INCREMENT) `auth_user_user_permissions`
--
ALTER TABLE `auth_user_user_permissions`
  MODIFY `id` bigint(20) NOT NULL AUTO_INCREMENT;

--
-- 使用資料表自動遞增(AUTO_INCREMENT) `cart_detailmodel`
--
ALTER TABLE `cart_detailmodel`
  MODIFY `id` bigint(20) NOT NULL AUTO_INCREMENT, AUTO_INCREMENT=3;

--
-- 使用資料表自動遞增(AUTO_INCREMENT) `cart_ordersmodel`
--
ALTER TABLE `cart_ordersmodel`
  MODIFY `id` bigint(20) NOT NULL AUTO_INCREMENT, AUTO_INCREMENT=3;

--
-- 使用資料表自動遞增(AUTO_INCREMENT) `contact`
--
ALTER TABLE `contact`
  MODIFY `id` bigint(20) NOT NULL AUTO_INCREMENT, AUTO_INCREMENT=4;

--
-- 使用資料表自動遞增(AUTO_INCREMENT) `django_admin_log`
--
ALTER TABLE `django_admin_log`
  MODIFY `id` int(11) NOT NULL AUTO_INCREMENT;

--
-- 使用資料表自動遞增(AUTO_INCREMENT) `django_content_type`
--
ALTER TABLE `django_content_type`
  MODIFY `id` int(11) NOT NULL AUTO_INCREMENT, AUTO_INCREMENT=15;

--
-- 使用資料表自動遞增(AUTO_INCREMENT) `django_migrations`
--
ALTER TABLE `django_migrations`
  MODIFY `id` bigint(20) NOT NULL AUTO_INCREMENT, AUTO_INCREMENT=31;

--
-- 使用資料表自動遞增(AUTO_INCREMENT) `news`
--
ALTER TABLE `news`
  MODIFY `id` bigint(20) NOT NULL AUTO_INCREMENT, AUTO_INCREMENT=4;

--
-- 使用資料表自動遞增(AUTO_INCREMENT) `product`
--
ALTER TABLE `product`
  MODIFY `id` bigint(20) NOT NULL AUTO_INCREMENT, AUTO_INCREMENT=29;

--
-- 使用資料表自動遞增(AUTO_INCREMENT) `reviews`
--
ALTER TABLE `reviews`
  MODIFY `id` bigint(20) NOT NULL AUTO_INCREMENT, AUTO_INCREMENT=139;

--
-- 使用資料表自動遞增(AUTO_INCREMENT) `team_team_photo`
--
ALTER TABLE `team_team_photo`
  MODIFY `id` bigint(20) NOT NULL AUTO_INCREMENT, AUTO_INCREMENT=3;

--
-- 已傾印資料表的限制式
--

--
-- 資料表的限制式 `auth_group_permissions`
--
ALTER TABLE `auth_group_permissions`
  ADD CONSTRAINT `auth_group_permissio_permission_id_84c5c92e_fk_auth_perm` FOREIGN KEY (`permission_id`) REFERENCES `auth_permission` (`id`),
  ADD CONSTRAINT `auth_group_permissions_group_id_b120cbf9_fk_auth_group_id` FOREIGN KEY (`group_id`) REFERENCES `auth_group` (`id`);

--
-- 資料表的限制式 `auth_permission`
--
ALTER TABLE `auth_permission`
  ADD CONSTRAINT `auth_permission_content_type_id_2f476e4b_fk_django_co` FOREIGN KEY (`content_type_id`) REFERENCES `django_content_type` (`id`);

--
-- 資料表的限制式 `auth_user_groups`
--
ALTER TABLE `auth_user_groups`
  ADD CONSTRAINT `auth_user_groups_group_id_97559544_fk_auth_group_id` FOREIGN KEY (`group_id`) REFERENCES `auth_group` (`id`),
  ADD CONSTRAINT `auth_user_groups_user_id_6a12ed8b_fk_auth_user_id` FOREIGN KEY (`user_id`) REFERENCES `auth_user` (`id`);

--
-- 資料表的限制式 `auth_user_user_permissions`
--
ALTER TABLE `auth_user_user_permissions`
  ADD CONSTRAINT `auth_user_user_permi_permission_id_1fbb5f2c_fk_auth_perm` FOREIGN KEY (`permission_id`) REFERENCES `auth_permission` (`id`),
  ADD CONSTRAINT `auth_user_user_permissions_user_id_a95ead1b_fk_auth_user_id` FOREIGN KEY (`user_id`) REFERENCES `auth_user` (`id`);

--
-- 資料表的限制式 `cart_detailmodel`
--
ALTER TABLE `cart_detailmodel`
  ADD CONSTRAINT `cart_detailmodel_dorder_id_4a34f87f_fk_cart_ordersmodel_id` FOREIGN KEY (`dorder_id`) REFERENCES `cart_ordersmodel` (`id`);

--
-- 資料表的限制式 `django_admin_log`
--
ALTER TABLE `django_admin_log`
  ADD CONSTRAINT `django_admin_log_content_type_id_c4bce8eb_fk_django_co` FOREIGN KEY (`content_type_id`) REFERENCES `django_content_type` (`id`),
  ADD CONSTRAINT `django_admin_log_user_id_c564eba6_fk_auth_user_id` FOREIGN KEY (`user_id`) REFERENCES `auth_user` (`id`);
COMMIT;

/*!40101 SET CHARACTER_SET_CLIENT=@OLD_CHARACTER_SET_CLIENT */;
/*!40101 SET CHARACTER_SET_RESULTS=@OLD_CHARACTER_SET_RESULTS */;
/*!40101 SET COLLATION_CONNECTION=@OLD_COLLATION_CONNECTION */;
